Art ID,Subjects / Tags,Artwork Title,Artist / Creator,Date,Period,Medium,Institution,Object / Accession ID,Rights,Source URL,Card Credit (short),Match Type,Hero Score,Candidate Cards,Crop / Use Notes,Status,Direct image URL,Image width (px),Image height (px),Image checked (UTC)
ART-625,landscape; import20260929; collectionlearionian; Scheria analogue; localescheria,"View from the village of Analipsis, Corfu.",Edward Lear,1863; digitised 1979 facsimile,Historical landscape study,Published landscape print,Aikaterini Laskaridis Foundation / Travelogues,Travelogues item 36933,YELLOW — image reuse terms not verified,https://eng.travelogues.gr/item.php?view=36933,Art: Edward Lear · Aikaterini Laskaridis Foundation / Travelogues,Landscape / environmental reference,,,29 Sep 2026 batch import. Full composition inspected on a contact sheet; no final card crop approved. Preserve the actual depicted place; mythic uses are analogues. Later architecture/costume needs crop review. Sub-1000px preview; seek a higher-resolution scan before printing.,RESEARCH,https://kliawota.design/mtgtools/odyssey/assets/landscapes/ART-625.307b99c4bd9d.jpg,800,570,2026-09-29
ART-626,landscape; import20260929; collectionlearionian; Scheria analogue; localescheria; envrock,Mount Pantocrator in Corfu.,Edward Lear,1863; digitised 1979 facsimile,Historical landscape study,Published landscape print,Aikaterini Laskaridis Foundation / Travelogues,Travelogues item 36934,YELLOW — image reuse terms not verified,https://eng.travelogues.gr/item.php?view=36934,Art: Edward Lear · Aikaterini Laskaridis Foundation / Travelogues,Landscape / environmental reference,,,29 Sep 2026 batch import. Full composition inspected on a contact sheet; no final card crop approved. Preserve the actual depicted place; mythic uses are analogues. Sub-1000px preview; seek a higher-resolution scan before printing.,RESEARCH,https://kliawota.design/mtgtools/odyssey/assets/landscapes/ART-626.69c93a800053.jpg,800,574,2026-09-29
ART-627,landscape; import20260929; collectionlearionian; Scheria analogue; localescheria; envplain,"View from the Orange Gardens of Viro, Corfu.",Edward Lear,1863; digitised 1979 facsimile,Historical landscape study,Published landscape print,Aikaterini Laskaridis Foundation / Travelogues,Travelogues item 36935,YELLOW — image reuse terms not verified,https://eng.travelogues.gr/item.php?view=36935,Art: Edward Lear · Aikaterini Laskaridis Foundation / Travelogues,Landscape / environmental reference,,,29 Sep 2026 batch import. Full composition inspected on a contact sheet; no final card crop approved. Preserve the actual depicted place; mythic uses are analogues. Sub-1000px preview; seek a higher-resolution scan before printing.,RESEARCH,https://kliawota.design/mtgtools/odyssey/assets/landscapes/ART-627.2c35c9de198b.jpg,800,569,2026-09-29
ART-628,landscape; import20260929; collectionlearionian; Scheria analogue; localescheria,"View from the route to Benitsa, near Gastouri, Corfu.",Edward Lear,1863; digitised 1979 facsimile,Historical landscape study,Published landscape print,Aikaterini Laskaridis Foundation / Travelogues,Travelogues item 36936,YELLOW — image reuse terms not verified,https://eng.travelogues.gr/item.php?view=36936,Art: Edward Lear · Aikaterini Laskaridis Foundation / Travelogues,Landscape / environmental reference,,,29 Sep 2026 batch import. Full composition inspected on a contact sheet; no final card crop approved. Preserve the actual depicted place; mythic uses are analogues. Sub-1000px preview; seek a higher-resolution scan before printing.,RESEARCH,https://kliawota.design/mtgtools/odyssey/assets/landscapes/ART-628.6e7884a34365.jpg,800,576,2026-09-29
ART-629,landscape; import20260929; collectionlearionian; Scheria analogue; localescheria,"View from the Hill of Agioi Deka, Corfu.",Edward Lear,1863; digitised 1979 facsimile,Historical landscape study,Published landscape print,Aikaterini Laskaridis Foundation / Travelogues,Travelogues item 36937,YELLOW — image reuse terms not verified,https://eng.travelogues.gr/item.php?view=36937,Art: Edward Lear · Aikaterini Laskaridis Foundation / Travelogues,Landscape / environmental reference,,,29 Sep 2026 batch import. Full composition inspected on a contact sheet; no final card crop approved. Preserve the actual depicted place; mythic uses are analogues. Sub-1000px preview; seek a higher-resolution scan before printing.,RESEARCH,https://kliawota.design/mtgtools/odyssey/assets/landscapes/ART-629.a9448b3713e1.jpg,800,574,2026-09-29
ART-630,landscape; import20260929; collectionlearionian; Scheria analogue; localescheria,"Palaiokastritsa, Corfu.",Edward Lear,1863; digitised 1979 facsimile,Historical landscape study,Published landscape print,Aikaterini Laskaridis Foundation / Travelogues,Travelogues item 36938,YELLOW — image reuse terms not verified,https://eng.travelogues.gr/item.php?view=36938,Art: Edward Lear · Aikaterini Laskaridis Foundation / Travelogues,Landscape / environmental reference,,,29 Sep 2026 batch import. Full composition inspected on a contact sheet; no final card crop approved. Preserve the actual depicted place; mythic uses are analogues. Sub-1000px preview; seek a higher-resolution scan before printing.,RESEARCH,https://kliawota.design/mtgtools/odyssey/assets/landscapes/ART-630.21c1296e2109.jpg,800,572,2026-09-29
ART-631,landscape; import20260929; collectionlearionian; Scheria analogue; localescheria,"Castle Sant' Angelo, Corfu.",Edward Lear,1863; digitised 1979 facsimile,Historical landscape study,Published landscape print,Aikaterini Laskaridis Foundation / Travelogues,Travelogues item 36939,YELLOW — image reuse terms not verified,https://eng.travelogues.gr/item.php?view=36939,Art: Edward Lear · Aikaterini Laskaridis Foundation / Travelogues,Landscape / environmental reference,,,29 Sep 2026 batch import. Full composition inspected on a contact sheet; no final card crop approved. Preserve the actual depicted place; mythic uses are analogues. Later architecture/costume needs crop review. Sub-1000px preview; seek a higher-resolution scan before printing.,RESEARCH,https://kliawota.design/mtgtools/odyssey/assets/landscapes/ART-631.374507a39638.jpg,800,569,2026-09-29
ART-632,landscape; import20260929; collectionlearionian; Scheria analogue; localescheria,"View of Lefkimo, Corfu.",Edward Lear,1863; digitised 1979 facsimile,Historical landscape study,Published landscape print,Aikaterini Laskaridis Foundation / Travelogues,Travelogues item 36940,YELLOW — image reuse terms not verified,https://eng.travelogues.gr/item.php?view=36940,Art: Edward Lear · Aikaterini Laskaridis Foundation / Travelogues,Landscape / environmental reference,,,29 Sep 2026 batch import. Full composition inspected on a contact sheet; no final card crop approved. Preserve the actual depicted place; mythic uses are analogues. Sub-1000px preview; seek a higher-resolution scan before printing.,RESEARCH,https://kliawota.design/mtgtools/odyssey/assets/landscapes/ART-632.07000c2488cb.jpg,800,576,2026-09-29
ART-633,landscape; import20260929; collectionlearionian,View of the city of Lefkada from Santa Maura castle.,Edward Lear,1863; digitised 1979 facsimile,Historical landscape study,Published landscape print,Aikaterini Laskaridis Foundation / Travelogues,Travelogues item 36941,YELLOW — image reuse terms not verified,https://eng.travelogues.gr/item.php?view=36941,Art: Edward Lear · Aikaterini Laskaridis Foundation / Travelogues,Landscape / environmental reference,,,29 Sep 2026 batch import. Full composition inspected on a contact sheet; no final card crop approved. Preserve the actual depicted place; mythic uses are analogues. Later architecture/costume needs crop review. Sub-1000px preview; seek a higher-resolution scan before printing.,RESEARCH,https://kliawota.design/mtgtools/odyssey/assets/landscapes/ART-633.0ac4d399f794.jpg,800,569,2026-09-29
ART-634,landscape; import20260929; collectionlearionian,"Amaxichi, Lefkada. In the background the Castle of Santa Maura.",Edward Lear,1863; digitised 1979 facsimile,Historical landscape study,Published landscape print,Aikaterini Laskaridis Foundation / Travelogues,Travelogues item 36942,YELLOW — image reuse terms not verified,https://eng.travelogues.gr/item.php?view=36942,Art: Edward Lear · Aikaterini Laskaridis Foundation / Travelogues,Landscape / environmental reference,,,29 Sep 2026 batch import. Full composition inspected on a contact sheet; no final card crop approved. Preserve the actual depicted place; mythic uses are analogues. Later architecture/costume needs crop review. Sub-1000px preview; seek a higher-resolution scan before printing.,RESEARCH,https://kliawota.design/mtgtools/odyssey/assets/landscapes/ART-634.f4d0e6530c56.jpg,800,574,2026-09-29
ART-635,landscape; import20260929; collectionlearionian,"Cape Lefkada (it. Capo Ducato), where according to legend poet Sappho leapt to her death.",Edward Lear,1863; digitised 1979 facsimile,Historical landscape study,Published landscape print,Aikaterini Laskaridis Foundation / Travelogues,Travelogues item 36943,YELLOW — image reuse terms not verified,https://eng.travelogues.gr/item.php?view=36943,Art: Edward Lear · Aikaterini Laskaridis Foundation / Travelogues,Landscape / environmental reference,,,29 Sep 2026 batch import. Full composition inspected on a contact sheet; no final card crop approved. Preserve the actual depicted place; mythic uses are analogues. Sub-1000px preview; seek a higher-resolution scan before printing.,RESEARCH,https://kliawota.design/mtgtools/odyssey/assets/landscapes/ART-635.ee534ac493e3.jpg,800,572,2026-09-29
ART-636,landscape; import20260929; collectionlearionian,View of Argostoli in Cephalonia.,Edward Lear,1863; digitised 1979 facsimile,Historical landscape study,Published landscape print,Aikaterini Laskaridis Foundation / Travelogues,Travelogues item 36944,YELLOW — image reuse terms not verified,https://eng.travelogues.gr/item.php?view=36944,Art: Edward Lear · Aikaterini Laskaridis Foundation / Travelogues,Landscape / environmental reference,,,29 Sep 2026 batch import. Full composition inspected on a contact sheet; no final card crop approved. Preserve the actual depicted place; mythic uses are analogues. Sub-1000px preview; seek a higher-resolution scan before printing.,RESEARCH,https://kliawota.design/mtgtools/odyssey/assets/landscapes/ART-636.f593242b6eab.jpg,800,568,2026-09-29
ART-637,landscape; import20260929; collectionlearionian,"The walls of ancient Sami, Cephalonia.",Edward Lear,1863; digitised 1979 facsimile,Historical landscape study,Published landscape print,Aikaterini Laskaridis Foundation / Travelogues,Travelogues item 36945,YELLOW — image reuse terms not verified,https://eng.travelogues.gr/item.php?view=36945,Art: Edward Lear · Aikaterini Laskaridis Foundation / Travelogues,Landscape / environmental reference,,,29 Sep 2026 batch import. Full composition inspected on a contact sheet; no final card crop approved. Preserve the actual depicted place; mythic uses are analogues. Sub-1000px preview; seek a higher-resolution scan before printing.,RESEARCH,https://kliawota.design/mtgtools/odyssey/assets/landscapes/ART-637.65c1ce9feab9.jpg,800,569,2026-09-29
ART-638,landscape; import20260929; collectionlearionian,"The town and the castle of Assos, Cephalonia.",Edward Lear,1863; digitised 1979 facsimile,Historical landscape study,Published landscape print,Aikaterini Laskaridis Foundation / Travelogues,Travelogues item 36946,YELLOW — image reuse terms not verified,https://eng.travelogues.gr/item.php?view=36946,Art: Edward Lear · Aikaterini Laskaridis Foundation / Travelogues,Landscape / environmental reference,,,29 Sep 2026 batch import. Full composition inspected on a contact sheet; no final card crop approved. Preserve the actual depicted place; mythic uses are analogues. Later architecture/costume needs crop review. Sub-1000px preview; seek a higher-resolution scan before printing.,RESEARCH,https://kliawota.design/mtgtools/odyssey/assets/landscapes/ART-638.1b09b5a7d3d1.jpg,800,569,2026-09-29
ART-639,landscape; import20260929; collectionlearionian; envrock,"View of the city of Zakynthos from the Castle Hill, looking towards Mount Scopos.",Edward Lear,1863; digitised 1979 facsimile,Historical landscape study,Published landscape print,Aikaterini Laskaridis Foundation / Travelogues,Travelogues item 36947,YELLOW — image reuse terms not verified,https://eng.travelogues.gr/item.php?view=36947,Art: Edward Lear · Aikaterini Laskaridis Foundation / Travelogues,Landscape / environmental reference,,,29 Sep 2026 batch import. Full composition inspected on a contact sheet; no final card crop approved. Preserve the actual depicted place; mythic uses are analogues. Later architecture/costume needs crop review. Sub-1000px preview; seek a higher-resolution scan before printing.,RESEARCH,https://kliawota.design/mtgtools/odyssey/assets/landscapes/ART-639.5acf9c48484c.jpg,800,576,2026-09-29
ART-640,landscape; import20260929; collectionlearionian; envrock,The city of Zakynthos from Mount Scopos.,Edward Lear,1863; digitised 1979 facsimile,Historical landscape study,Published landscape print,Aikaterini Laskaridis Foundation / Travelogues,Travelogues item 36948,YELLOW — image reuse terms not verified,https://eng.travelogues.gr/item.php?view=36948,Art: Edward Lear · Aikaterini Laskaridis Foundation / Travelogues,Landscape / environmental reference,,,29 Sep 2026 batch import. Full composition inspected on a contact sheet; no final card crop approved. Preserve the actual depicted place; mythic uses are analogues. Sub-1000px preview; seek a higher-resolution scan before printing.,RESEARCH,https://kliawota.design/mtgtools/odyssey/assets/landscapes/ART-640.c03dc026fdf6.jpg,800,567,2026-09-29
ART-641,landscape; import20260929; collectionlearionian,"View of the village of Galaro, Zakynthos.",Edward Lear,1863; digitised 1979 facsimile,Historical landscape study,Published landscape print,Aikaterini Laskaridis Foundation / Travelogues,Travelogues item 36949,YELLOW — image reuse terms not verified,https://eng.travelogues.gr/item.php?view=36949,Art: Edward Lear · Aikaterini Laskaridis Foundation / Travelogues,Landscape / environmental reference,,,29 Sep 2026 batch import. Full composition inspected on a contact sheet; no final card crop approved. Preserve the actual depicted place; mythic uses are analogues. Later architecture/costume needs crop review. Sub-1000px preview; seek a higher-resolution scan before printing.,RESEARCH,https://kliawota.design/mtgtools/odyssey/assets/landscapes/ART-641.4129b2234843.jpg,800,564,2026-09-29
ART-642,landscape; import20260929; collectionlearionian; envcoast,"The town and harbour of Gaios, Paxoi.",Edward Lear,1863; digitised 1979 facsimile,Historical landscape study,Published landscape print,Aikaterini Laskaridis Foundation / Travelogues,Travelogues item 36950,YELLOW — image reuse terms not verified,https://eng.travelogues.gr/item.php?view=36950,Art: Edward Lear · Aikaterini Laskaridis Foundation / Travelogues,Landscape / environmental reference,,,29 Sep 2026 batch import. Full composition inspected on a contact sheet; no final card crop approved. Preserve the actual depicted place; mythic uses are analogues. Later architecture/costume needs crop review. Sub-1000px preview; seek a higher-resolution scan before printing.,RESEARCH,https://kliawota.design/mtgtools/odyssey/assets/landscapes/ART-642.3ff5ab0e4efb.jpg,800,572,2026-09-29
ART-643,landscape; import20260929; collectionlearionian; Ithaca; localeithaca,Vathy in Ithaca.,Edward Lear,1863; digitised 1979 facsimile,Historical landscape study,Published landscape print,Aikaterini Laskaridis Foundation / Travelogues,Travelogues item 36951,YELLOW — image reuse terms not verified,https://eng.travelogues.gr/item.php?view=36951,Art: Edward Lear · Aikaterini Laskaridis Foundation / Travelogues,Landscape / environmental reference,,,29 Sep 2026 batch import. Full composition inspected on a contact sheet; no final card crop approved. Preserve the actual depicted place; mythic uses are analogues. Sub-1000px preview; seek a higher-resolution scan before printing.,RESEARCH,https://kliawota.design/mtgtools/odyssey/assets/landscapes/ART-643.d2ab760239d0.jpg,800,573,2026-09-29
ART-644,landscape; import20260929; collectionlearionian,The castle and town of Cythera and the port of Kapsali.,Edward Lear,1863; digitised 1979 facsimile,Historical landscape study,Published landscape print,Aikaterini Laskaridis Foundation / Travelogues,Travelogues item 36952,YELLOW — image reuse terms not verified,https://eng.travelogues.gr/item.php?view=36952,Art: Edward Lear · Aikaterini Laskaridis Foundation / Travelogues,Landscape / environmental reference,,,29 Sep 2026 batch import. Full composition inspected on a contact sheet; no final card crop approved. Preserve the actual depicted place; mythic uses are analogues. Later architecture/costume needs crop review. Sub-1000px preview; seek a higher-resolution scan before printing.,RESEARCH,https://kliawota.design/mtgtools/odyssey/assets/landscapes/ART-644.e9ebeae44a01.jpg,800,565,2026-09-29
ART-645,landscape; import20260929; collectiondodwell; Ithaca; localeithaca,Panoramic view of Ithaca island with the port and town of Vathy.,After Edward Dodwell,1819,Historical landscape study,Published landscape print,Aikaterini Laskaridis Foundation / Travelogues,Travelogues item 54211,YELLOW — image reuse terms not verified,https://eng.travelogues.gr/item.php?view=54211,Art: After Edward Dodwell · Aikaterini Laskaridis Foundation / Travelogues,Landscape / environmental reference,,,29 Sep 2026 batch import. Full composition inspected on a contact sheet; no final card crop approved. Preserve the actual depicted place; mythic uses are analogues. Later architecture/costume needs crop review.,RESEARCH,https://kliawota.design/mtgtools/odyssey/assets/landscapes/ART-645.11028decc42e.jpg,1500,964,2026-09-29
ART-646,landscape; import20260929; collectiondodwell; envfreshwater,The Kastalian spring in Delphi.,After Edward Dodwell,1819,Historical landscape study,Published landscape print,Aikaterini Laskaridis Foundation / Travelogues,Travelogues item 54213,YELLOW — image reuse terms not verified,https://eng.travelogues.gr/item.php?view=54213,Art: After Edward Dodwell · Aikaterini Laskaridis Foundation / Travelogues,Landscape / environmental reference,,,29 Sep 2026 batch import. Full composition inspected on a contact sheet; no final card crop approved. Preserve the actual depicted place; mythic uses are analogues.,RESEARCH,https://kliawota.design/mtgtools/odyssey/assets/landscapes/ART-646.7b7387f2629e.jpg,1500,979,2026-09-29
ART-647,landscape; import20260929; collectiondodwell; envrock,Parnassus mountain.,After Edward Dodwell,1819,Historical landscape study,Published landscape print,Aikaterini Laskaridis Foundation / Travelogues,Travelogues item 54214,YELLOW — image reuse terms not verified,https://eng.travelogues.gr/item.php?view=54214,Art: After Edward Dodwell · Aikaterini Laskaridis Foundation / Travelogues,Landscape / environmental reference,,,29 Sep 2026 batch import. Full composition inspected on a contact sheet; no final card crop approved. Preserve the actual depicted place; mythic uses are analogues.,RESEARCH,https://kliawota.design/mtgtools/odyssey/assets/landscapes/ART-647.13eea90ae808.jpg,1500,974,2026-09-29
ART-648,landscape; import20260929; collectiondodwell; envfreshwater,"The site of the acropolis of Orchomenos in Boeotia, on Cephisus river, from the south. Arvanite women occupied in agricultural tasks.",After Edward Dodwell,1819,Historical landscape study,Published landscape print,Aikaterini Laskaridis Foundation / Travelogues,Travelogues item 54215,YELLOW — image reuse terms not verified,https://eng.travelogues.gr/item.php?view=54215,Art: After Edward Dodwell · Aikaterini Laskaridis Foundation / Travelogues,Landscape / environmental reference,,,29 Sep 2026 batch import. Full composition inspected on a contact sheet; no final card crop approved. Preserve the actual depicted place; mythic uses are analogues.,RESEARCH,https://kliawota.design/mtgtools/odyssey/assets/landscapes/ART-648.f132de493315.jpg,1500,942,2026-09-29
ART-649,landscape; import20260929; collectiondodwell; envcave; envfreshwater,"The Catabothra (underground water cave) of Lake Copais, in Boeotia.",After Edward Dodwell,1819,Historical landscape study,Published landscape print,Aikaterini Laskaridis Foundation / Travelogues,Travelogues item 54216,YELLOW — image reuse terms not verified,https://eng.travelogues.gr/item.php?view=54216,Art: After Edward Dodwell · Aikaterini Laskaridis Foundation / Travelogues,Landscape / environmental reference,,,29 Sep 2026 batch import. Full composition inspected on a contact sheet; no final card crop approved. Preserve the actual depicted place; mythic uses are analogues.,RESEARCH,https://kliawota.design/mtgtools/odyssey/assets/landscapes/ART-649.18f8640fe71d.jpg,1500,983,2026-09-29
ART-650,landscape; import20260929; collectiondodwell; envfreshwater,View of the temple of Olympian Zeus and Ilissus river.,After Edward Dodwell,1819,Historical landscape study,Published landscape print,Aikaterini Laskaridis Foundation / Travelogues,Travelogues item 54224,YELLOW — image reuse terms not verified,https://eng.travelogues.gr/item.php?view=54224,Art: After Edward Dodwell · Aikaterini Laskaridis Foundation / Travelogues,Landscape / environmental reference,,,29 Sep 2026 batch import. Full composition inspected on a contact sheet; no final card crop approved. Preserve the actual depicted place; mythic uses are analogues. Later architecture/costume needs crop review.,RESEARCH,https://kliawota.design/mtgtools/odyssey/assets/landscapes/ART-650.2ec02f3800d9.jpg,1500,938,2026-09-29
ART-651,landscape; import20260929; collectiondodwell,Athens from the feet of Lycabettus Hill.,After Edward Dodwell,1819,Historical landscape study,Published landscape print,Aikaterini Laskaridis Foundation / Travelogues,Travelogues item 54225,YELLOW — image reuse terms not verified,https://eng.travelogues.gr/item.php?view=54225,Art: After Edward Dodwell · Aikaterini Laskaridis Foundation / Travelogues,Landscape / environmental reference,,,29 Sep 2026 batch import. Full composition inspected on a contact sheet; no final card crop approved. Preserve the actual depicted place; mythic uses are analogues.,RESEARCH,https://kliawota.design/mtgtools/odyssey/assets/landscapes/ART-651.5028b86c28cc.jpg,1500,771,2026-09-29
ART-652,landscape; import20260929; collectiondodwell,South-east view of the temple of Poseidon at Sounion.,After Edward Dodwell,1819,Historical landscape study,Published landscape print,Aikaterini Laskaridis Foundation / Travelogues,Travelogues item 54226,YELLOW — image reuse terms not verified,https://eng.travelogues.gr/item.php?view=54226,Art: After Edward Dodwell · Aikaterini Laskaridis Foundation / Travelogues,Landscape / environmental reference,,,29 Sep 2026 batch import. Full composition inspected on a contact sheet; no final card crop approved. Preserve the actual depicted place; mythic uses are analogues. Later architecture/costume needs crop review.,RESEARCH,https://kliawota.design/mtgtools/odyssey/assets/landscapes/ART-652.38291089c22f.jpg,1500,950,2026-09-29
ART-653,landscape; import20260929; collectiondodwell,The temple of Aphaia on Aegina island. The peasants who supplied the travellers with provisions during the latter's stay at the site.,After Edward Dodwell,1819,Historical landscape study,Published landscape print,Aikaterini Laskaridis Foundation / Travelogues,Travelogues item 54227,YELLOW — image reuse terms not verified,https://eng.travelogues.gr/item.php?view=54227,Art: After Edward Dodwell · Aikaterini Laskaridis Foundation / Travelogues,Landscape / environmental reference,,,29 Sep 2026 batch import. Full composition inspected on a contact sheet; no final card crop approved. Preserve the actual depicted place; mythic uses are analogues. Later architecture/costume needs crop review.,RESEARCH,https://kliawota.design/mtgtools/odyssey/assets/landscapes/ART-653.0c91a20c5cd7.jpg,1500,940,2026-09-29
ART-654,landscape; import20260929; collectiondodwell,The Monastery of Panagia Faneromeni on Salamis island.,After Edward Dodwell,1819,Historical landscape study,Published landscape print,Aikaterini Laskaridis Foundation / Travelogues,Travelogues item 54229,YELLOW — image reuse terms not verified,https://eng.travelogues.gr/item.php?view=54229,Art: After Edward Dodwell · Aikaterini Laskaridis Foundation / Travelogues,Landscape / environmental reference,,,29 Sep 2026 batch import. Full composition inspected on a contact sheet; no final card crop approved. Preserve the actual depicted place; mythic uses are analogues. Later architecture/costume needs crop review.,RESEARCH,https://kliawota.design/mtgtools/odyssey/assets/landscapes/ART-654.f70b3ba8e124.jpg,1500,864,2026-09-29
ART-655,landscape; import20260929; collectiondodwell; envrock,"The pass of Thermopylae. The mounted figures at the centre are the armed escorts of Edward Dodwell, whose mission was to protect the travelling party from the bandits who were prowling the pass of Thermopylae.",After Edward Dodwell,1819,Historical landscape study,Published landscape print,Aikaterini Laskaridis Foundation / Travelogues,Travelogues item 54230,YELLOW — image reuse terms not verified,https://eng.travelogues.gr/item.php?view=54230,Art: After Edward Dodwell · Aikaterini Laskaridis Foundation / Travelogues,Landscape / environmental reference,,,29 Sep 2026 batch import. Full composition inspected on a contact sheet; no final card crop approved. Preserve the actual depicted place; mythic uses are analogues.,RESEARCH,https://kliawota.design/mtgtools/odyssey/assets/landscapes/ART-655.212c32250fbc.jpg,1500,983,2026-09-29
ART-656,landscape; import20260929; collectiondodwell; envrock,Village of Portaria on Mount Pelion.,After Edward Dodwell,1819,Historical landscape study,Published landscape print,Aikaterini Laskaridis Foundation / Travelogues,Travelogues item 54231,YELLOW — image reuse terms not verified,https://eng.travelogues.gr/item.php?view=54231,Art: After Edward Dodwell · Aikaterini Laskaridis Foundation / Travelogues,Landscape / environmental reference,,,29 Sep 2026 batch import. Full composition inspected on a contact sheet; no final card crop approved. Preserve the actual depicted place; mythic uses are analogues. Later architecture/costume needs crop review.,RESEARCH,https://kliawota.design/mtgtools/odyssey/assets/landscapes/ART-656.93334ef160d2.jpg,1500,966,2026-09-29
ART-657,landscape; import20260929; collectiondodwell,The Hyperian fountain at Pherae in Thessaly.,After Edward Dodwell,1819,Historical landscape study,Published landscape print,Aikaterini Laskaridis Foundation / Travelogues,Travelogues item 54232,YELLOW — image reuse terms not verified,https://eng.travelogues.gr/item.php?view=54232,Art: After Edward Dodwell · Aikaterini Laskaridis Foundation / Travelogues,Landscape / environmental reference,,,29 Sep 2026 batch import. Full composition inspected on a contact sheet; no final card crop approved. Preserve the actual depicted place; mythic uses are analogues.,RESEARCH,https://kliawota.design/mtgtools/odyssey/assets/landscapes/ART-657.e7d32e65d22f.jpg,1500,943,2026-09-29
ART-658,landscape; import20260929; collectiondodwell; envplain,View of the plain of Larissa from settlement close to the city. Snapshot of everyday life at the village.,After Edward Dodwell,1819,Historical landscape study,Published landscape print,Aikaterini Laskaridis Foundation / Travelogues,Travelogues item 54233,YELLOW — image reuse terms not verified,https://eng.travelogues.gr/item.php?view=54233,Art: After Edward Dodwell · Aikaterini Laskaridis Foundation / Travelogues,Landscape / environmental reference,,,29 Sep 2026 batch import. Full composition inspected on a contact sheet; no final card crop approved. Preserve the actual depicted place; mythic uses are analogues. Later architecture/costume needs crop review.,RESEARCH,https://kliawota.design/mtgtools/odyssey/assets/landscapes/ART-658.8bbdcb5aac2a.jpg,1500,940,2026-09-29
ART-659,landscape; import20260929; collectiondodwell; Mount Olympus; localeolympus; envrock,View of Mount Olympus between Larissa and Baba village.,After Edward Dodwell,1819,Historical landscape study,Published landscape print,Aikaterini Laskaridis Foundation / Travelogues,Travelogues item 54234,YELLOW — image reuse terms not verified,https://eng.travelogues.gr/item.php?view=54234,Art: After Edward Dodwell · Aikaterini Laskaridis Foundation / Travelogues,Landscape / environmental reference,,,29 Sep 2026 batch import. Full composition inspected on a contact sheet; no final card crop approved. Preserve the actual depicted place; mythic uses are analogues. Later architecture/costume needs crop review.,RESEARCH,https://kliawota.design/mtgtools/odyssey/assets/landscapes/ART-659.bf498d775b04.jpg,1500,932,2026-09-29
ART-660,landscape; import20260929; collectiondodwell,The Gate of the Lions at Mycenae.,After Edward Dodwell,1819,Historical landscape study,Published landscape print,Aikaterini Laskaridis Foundation / Travelogues,Travelogues item 54236,YELLOW — image reuse terms not verified,https://eng.travelogues.gr/item.php?view=54236,Art: After Edward Dodwell · Aikaterini Laskaridis Foundation / Travelogues,Landscape / environmental reference,,,29 Sep 2026 batch import. Full composition inspected on a contact sheet; no final card crop approved. Preserve the actual depicted place; mythic uses are analogues.,RESEARCH,https://kliawota.design/mtgtools/odyssey/assets/landscapes/ART-660.94d8ff24af40.jpg,1500,971,2026-09-29
ART-661,landscape; import20260929; collectiondodwell; envplain,Plain of Ancient Olympia.,After Edward Dodwell,1819,Historical landscape study,Published landscape print,Aikaterini Laskaridis Foundation / Travelogues,Travelogues item 54237,YELLOW — image reuse terms not verified,https://eng.travelogues.gr/item.php?view=54237,Art: After Edward Dodwell · Aikaterini Laskaridis Foundation / Travelogues,Landscape / environmental reference,,,29 Sep 2026 batch import. Full composition inspected on a contact sheet; no final card crop approved. Preserve the actual depicted place; mythic uses are analogues.,RESEARCH,https://kliawota.design/mtgtools/odyssey/assets/landscapes/ART-661.6349098500f3.jpg,1500,963,2026-09-29
ART-662,landscape; import20260929; collectiondodwell,"The temple of Apollo Epicurius at Bassae. On the left, the Turkish and the Tatar attendants of Edward Dodwell.",After Edward Dodwell,1819,Historical landscape study,Published landscape print,Aikaterini Laskaridis Foundation / Travelogues,Travelogues item 54238,YELLOW — image reuse terms not verified,https://eng.travelogues.gr/item.php?view=54238,Art: After Edward Dodwell · Aikaterini Laskaridis Foundation / Travelogues,Landscape / environmental reference,,,29 Sep 2026 batch import. Full composition inspected on a contact sheet; no final card crop approved. Preserve the actual depicted place; mythic uses are analogues. Later architecture/costume needs crop review.,RESEARCH,https://kliawota.design/mtgtools/odyssey/assets/landscapes/ART-662.93be3baa140e.jpg,1500,959,2026-09-29
ART-663,landscape; import20260929; collectiondodwell; envfreshwater,Lake Stymphalia in Corinthia.,After Edward Dodwell,1819,Historical landscape study,Published landscape print,Aikaterini Laskaridis Foundation / Travelogues,Travelogues item 54239,YELLOW — image reuse terms not verified,https://eng.travelogues.gr/item.php?view=54239,Art: After Edward Dodwell · Aikaterini Laskaridis Foundation / Travelogues,Landscape / environmental reference,,,29 Sep 2026 batch import. Full composition inspected on a contact sheet; no final card crop approved. Preserve the actual depicted place; mythic uses are analogues.,RESEARCH,https://kliawota.design/mtgtools/odyssey/assets/landscapes/ART-663.d6482043f636.jpg,1500,912,2026-09-29
ART-664,landscape; import20260929; collectiondodwell,The Monastery of Mega Spilaion in Achaia.,After Edward Dodwell,1819,Historical landscape study,Published landscape print,Aikaterini Laskaridis Foundation / Travelogues,Travelogues item 54240,YELLOW — image reuse terms not verified,https://eng.travelogues.gr/item.php?view=54240,Art: After Edward Dodwell · Aikaterini Laskaridis Foundation / Travelogues,Landscape / environmental reference,,,29 Sep 2026 batch import. Full composition inspected on a contact sheet; no final card crop approved. Preserve the actual depicted place; mythic uses are analogues. Later architecture/costume needs crop review.,RESEARCH,https://kliawota.design/mtgtools/odyssey/assets/landscapes/ART-664.969ffec3b26c.jpg,1500,971,2026-09-29
ART-665,landscape; import20260929; collectiongelltroy; Troad; localetroy; envrock,Various landscapes in the Troad: Α. View of Mount Ida. B. View of ancient Atandros (today Altınoluk). C. Cape Baba (anc. Lekton cape) in the Troad. D. View of part of Lesbos island. E. View of Cape Baba (anc. Lekton cape) in the Troad.,William Gell,1804,Historical landscape study,Published landscape print,Aikaterini Laskaridis Foundation / Travelogues,Travelogues item 50851,YELLOW — image reuse terms not verified,https://eng.travelogues.gr/item.php?view=50851,Art: William Gell · Aikaterini Laskaridis Foundation / Travelogues,Landscape / environmental reference,,,29 Sep 2026 batch import. Full composition inspected on a contact sheet; no final card crop approved. Preserve the actual depicted place; mythic uses are analogues. Gell's historical site identifications are not archaeological proof.,RESEARCH,https://kliawota.design/mtgtools/odyssey/assets/landscapes/ART-665.9e90da242c59.jpg,1500,775,2026-09-29
ART-666,landscape; import20260929; collectiongelltroy; Troad; localetroy,View of the village Babakale in the Troad.,William Gell,1804,Historical landscape study,Published landscape print,Aikaterini Laskaridis Foundation / Travelogues,Travelogues item 50852,YELLOW — image reuse terms not verified,https://eng.travelogues.gr/item.php?view=50852,Art: William Gell · Aikaterini Laskaridis Foundation / Travelogues,Landscape / environmental reference,,,29 Sep 2026 batch import. Full composition inspected on a contact sheet; no final card crop approved. Preserve the actual depicted place; mythic uses are analogues. Later architecture/costume needs crop review. Gell's historical site identifications are not archaeological proof.,RESEARCH,https://kliawota.design/mtgtools/odyssey/assets/landscapes/ART-666.7d9b85329de9.jpg,1500,999,2026-09-29
ART-667,landscape; import20260929; collectiongelltroy; Troad; localetroy,"4.View of the village Babakale at Cape Baba, in the Troad. 5. Landscape near the Cape Eski Stambul in the Troad. The author notes the sites of Alexandria Troad (C) και Tenedos island (E).",William Gell,1804,Historical landscape study,Published landscape print,Aikaterini Laskaridis Foundation / Travelogues,Travelogues item 50853,YELLOW — image reuse terms not verified,https://eng.travelogues.gr/item.php?view=50853,Art: William Gell · Aikaterini Laskaridis Foundation / Travelogues,Landscape / environmental reference,,,29 Sep 2026 batch import. Full composition inspected on a contact sheet; no final card crop approved. Preserve the actual depicted place; mythic uses are analogues. Later architecture/costume needs crop review. Gell's historical site identifications are not archaeological proof.,RESEARCH,https://kliawota.design/mtgtools/odyssey/assets/landscapes/ART-667.99620f47fd33.jpg,1500,758,2026-09-29
ART-668,landscape; import20260929; collectiongelltroy; Troad; localetroy,"Landscapes in the Troad, somewhere in between Cape Eski Stambul and the Dardanelles. G denotes the site where the Baths of Alexandria Troad are found.",William Gell,1804,Historical landscape study,Published landscape print,Aikaterini Laskaridis Foundation / Travelogues,Travelogues item 50854,YELLOW — image reuse terms not verified,https://eng.travelogues.gr/item.php?view=50854,Art: William Gell · Aikaterini Laskaridis Foundation / Travelogues,Landscape / environmental reference,,,29 Sep 2026 batch import. Full composition inspected on a contact sheet; no final card crop approved. Preserve the actual depicted place; mythic uses are analogues. Gell's historical site identifications are not archaeological proof.,RESEARCH,https://kliawota.design/mtgtools/odyssey/assets/landscapes/ART-668.8d33f4af181a.jpg,1500,417,2026-09-29
ART-669,landscape; import20260929; collectiongelltroy,View from the Eastern side of Alexandria Troas.,William Gell,1804,Historical landscape study,Published landscape print,Aikaterini Laskaridis Foundation / Travelogues,Travelogues item 50855,YELLOW — image reuse terms not verified,https://eng.travelogues.gr/item.php?view=50855,Art: William Gell · Aikaterini Laskaridis Foundation / Travelogues,Landscape / environmental reference,,,29 Sep 2026 batch import. Full composition inspected on a contact sheet; no final card crop approved. Preserve the actual depicted place; mythic uses are analogues. Gell's historical site identifications are not archaeological proof.,RESEARCH,https://kliawota.design/mtgtools/odyssey/assets/landscapes/ART-669.11dcc7c5aeaf.jpg,1500,971,2026-09-29
ART-670,landscape; import20260929; collectiongelltroy; Troad; localetroy,Landscape near Geykli in the Troad. In the background Tenedos island.,William Gell,1804,Historical landscape study,Published landscape print,Aikaterini Laskaridis Foundation / Travelogues,Travelogues item 50856,YELLOW — image reuse terms not verified,https://eng.travelogues.gr/item.php?view=50856,Art: William Gell · Aikaterini Laskaridis Foundation / Travelogues,Landscape / environmental reference,,,29 Sep 2026 batch import. Full composition inspected on a contact sheet; no final card crop approved. Preserve the actual depicted place; mythic uses are analogues. Gell's historical site identifications are not archaeological proof.,RESEARCH,https://kliawota.design/mtgtools/odyssey/assets/landscapes/ART-670.8e4b9972e542.jpg,1500,620,2026-09-29
ART-671,landscape; import20260929; collectiongelltroy; Troad; localetroy,Landscape near Geykli in the Troad.,William Gell,1804,Historical landscape study,Published landscape print,Aikaterini Laskaridis Foundation / Travelogues,Travelogues item 50857,YELLOW — image reuse terms not verified,https://eng.travelogues.gr/item.php?view=50857,Art: William Gell · Aikaterini Laskaridis Foundation / Travelogues,Landscape / environmental reference,,,29 Sep 2026 batch import. Full composition inspected on a contact sheet; no final card crop approved. Preserve the actual depicted place; mythic uses are analogues. Gell's historical site identifications are not archaeological proof.,RESEARCH,https://kliawota.design/mtgtools/odyssey/assets/landscapes/ART-671.d8001f7529da.jpg,1500,609,2026-09-29
ART-672,landscape; import20260929; collectiongelltroy; Troad; localetroy,"Landscapes in the Troad, from Geykli to the Dardanelles and Troy.",William Gell,1804,Historical landscape study,Published landscape print,Aikaterini Laskaridis Foundation / Travelogues,Travelogues item 50858,YELLOW — image reuse terms not verified,https://eng.travelogues.gr/item.php?view=50858,Art: William Gell · Aikaterini Laskaridis Foundation / Travelogues,Landscape / environmental reference,,,29 Sep 2026 batch import. Full composition inspected on a contact sheet; no final card crop approved. Preserve the actual depicted place; mythic uses are analogues. Gell's historical site identifications are not archaeological proof.,RESEARCH,https://kliawota.design/mtgtools/odyssey/assets/landscapes/ART-672.4cbb743b15f8.jpg,1500,379,2026-09-29
ART-673,landscape; import20260929; collectiongelltroy; Troad; localetroy,"Fig. 1. Landscape around the village of Yenişehir, near ancient Sigeion. Fig. 2. Landscape around Troy. Α denotes the place of the city, while B the place of Yeniköy, where, according to the legent, the Tomb of Peneleos, Achaean soldier in the Trojan War, was found.",William Gell,1804,Historical landscape study,Published landscape print,Aikaterini Laskaridis Foundation / Travelogues,Travelogues item 50859,YELLOW — image reuse terms not verified,https://eng.travelogues.gr/item.php?view=50859,Art: William Gell · Aikaterini Laskaridis Foundation / Travelogues,Landscape / environmental reference,,,29 Sep 2026 batch import. Full composition inspected on a contact sheet; no final card crop approved. Preserve the actual depicted place; mythic uses are analogues. Later architecture/costume needs crop review. Gell's historical site identifications are not archaeological proof.,RESEARCH,https://kliawota.design/mtgtools/odyssey/assets/landscapes/ART-673.cefab1a19a09.jpg,1500,432,2026-09-29
ART-674,landscape; import20260929; collectiongelltroy; Troad; localetroy; envrock,"Landscape in the Troad, between Kumkale and Beşika Burnu (anc. Achilleion), where according to the legend the Tomb of Achilles is found. In the background Mount Ida.",William Gell,1804,Historical landscape study,Published landscape print,Aikaterini Laskaridis Foundation / Travelogues,Travelogues item 50860,YELLOW — image reuse terms not verified,https://eng.travelogues.gr/item.php?view=50860,Art: William Gell · Aikaterini Laskaridis Foundation / Travelogues,Landscape / environmental reference,,,29 Sep 2026 batch import. Full composition inspected on a contact sheet; no final card crop approved. Preserve the actual depicted place; mythic uses are analogues. Gell's historical site identifications are not archaeological proof.,RESEARCH,https://kliawota.design/mtgtools/odyssey/assets/landscapes/ART-674.8c7a5e472f9e.jpg,1500,354,2026-09-29
ART-675,landscape; import20260929; collectiongelltroy,Εικ. 1. The southern point of the Dardanelles Fig. 2. Hill near Seddülbahir. The author identifies this hill with the Tomb of Protesilaos.,William Gell,1804,Historical landscape study,Published landscape print,Aikaterini Laskaridis Foundation / Travelogues,Travelogues item 50861,YELLOW — image reuse terms not verified,https://eng.travelogues.gr/item.php?view=50861,Art: William Gell · Aikaterini Laskaridis Foundation / Travelogues,Landscape / environmental reference,,,29 Sep 2026 batch import. Full composition inspected on a contact sheet; no final card crop approved. Preserve the actual depicted place; mythic uses are analogues. Gell's historical site identifications are not archaeological proof.,RESEARCH,https://kliawota.design/mtgtools/odyssey/assets/landscapes/ART-675.00956c71bfca.jpg,1500,365,2026-09-29
ART-676,landscape; import20260929; collectiongelltroy; Troad; localetroy,"Εικ. 1. Landscape around Üvecik, in the larger area of the city of Troy. Fig. 2. Landscape if the Troad. On the left the Castel of Kumkale. On the right the site of the Tomb of Aias, in the ancient city of Rhoiteion (today Intepe).",William Gell,1804,Historical landscape study,Published landscape print,Aikaterini Laskaridis Foundation / Travelogues,Travelogues item 50863,YELLOW — image reuse terms not verified,https://eng.travelogues.gr/item.php?view=50863,Art: William Gell · Aikaterini Laskaridis Foundation / Travelogues,Landscape / environmental reference,,,29 Sep 2026 batch import. Full composition inspected on a contact sheet; no final card crop approved. Preserve the actual depicted place; mythic uses are analogues. Gell's historical site identifications are not archaeological proof.,RESEARCH,https://kliawota.design/mtgtools/odyssey/assets/landscapes/ART-676.e88f448b4bbe.jpg,1500,392,2026-09-29
ART-677,landscape; import20260929; collectiongelltroy; Troad; localetroy; envfreshwater,Muslim cemetery in the confluence of Karamenders (anc. Scamander) and Simoes rivers.,William Gell,1804,Historical landscape study,Published landscape print,Aikaterini Laskaridis Foundation / Travelogues,Travelogues item 50864,YELLOW — image reuse terms not verified,https://eng.travelogues.gr/item.php?view=50864,Art: William Gell · Aikaterini Laskaridis Foundation / Travelogues,Landscape / environmental reference,,,29 Sep 2026 batch import. Full composition inspected on a contact sheet; no final card crop approved. Preserve the actual depicted place; mythic uses are analogues. Gell's historical site identifications are not archaeological proof.,RESEARCH,https://kliawota.design/mtgtools/odyssey/assets/landscapes/ART-677.2b667cc5abca.jpg,1500,964,2026-09-29
ART-678,landscape; import20260929; collectiongelltroy; Troad; localetroy; envfreshwater; envrock,"The sources of Karamenderes (anc. Scamander) river around Mount Ida, in the Troad.",William Gell,1804,Historical landscape study,Published landscape print,Aikaterini Laskaridis Foundation / Travelogues,Travelogues item 50865,YELLOW — image reuse terms not verified,https://eng.travelogues.gr/item.php?view=50865,Art: William Gell · Aikaterini Laskaridis Foundation / Travelogues,Landscape / environmental reference,,,29 Sep 2026 batch import. Full composition inspected on a contact sheet; no final card crop approved. Preserve the actual depicted place; mythic uses are analogues. Gell's historical site identifications are not archaeological proof.,RESEARCH,https://kliawota.design/mtgtools/odyssey/assets/landscapes/ART-678.709c9289b01e.jpg,1500,918,2026-09-29
ART-679,landscape; import20260929; collectiongelltroy; Troad; localetroy; envfreshwater,"The confluence of Karamenderes (and. Scamander) river with Simoes, river north of the city of Troy.",William Gell,1804,Historical landscape study,Published landscape print,Aikaterini Laskaridis Foundation / Travelogues,Travelogues item 50866,YELLOW — image reuse terms not verified,https://eng.travelogues.gr/item.php?view=50866,Art: William Gell · Aikaterini Laskaridis Foundation / Travelogues,Landscape / environmental reference,,,29 Sep 2026 batch import. Full composition inspected on a contact sheet; no final card crop approved. Preserve the actual depicted place; mythic uses are analogues. Gell's historical site identifications are not archaeological proof.,RESEARCH,https://kliawota.design/mtgtools/odyssey/assets/landscapes/ART-679.2a1f3ac62a31.jpg,1500,289,2026-09-29
ART-680,landscape; import20260929; collectiongelltroy; Troad; localetroy; envfreshwater,The river Karamenderes (anc. Scamander) and the its outfall to the Dardanelles.,William Gell,1804,Historical landscape study,Published landscape print,Aikaterini Laskaridis Foundation / Travelogues,Travelogues item 50867,YELLOW — image reuse terms not verified,https://eng.travelogues.gr/item.php?view=50867,Art: William Gell · Aikaterini Laskaridis Foundation / Travelogues,Landscape / environmental reference,,,29 Sep 2026 batch import. Full composition inspected on a contact sheet; no final card crop approved. Preserve the actual depicted place; mythic uses are analogues. Gell's historical site identifications are not archaeological proof.,RESEARCH,https://kliawota.design/mtgtools/odyssey/assets/landscapes/ART-680.54a2a642b750.jpg,1500,414,2026-09-29
ART-681,landscape; import20260929; collectiongelltroy; Troad; localetroy; envcoast; envplain,"View of the plain of Troy from the Tomb of Antilochus, on the eastern shore of the Dardanelles, and close to the ancient city of Rhoiteion (today Intepe).",William Gell,1804,Historical landscape study,Published landscape print,Aikaterini Laskaridis Foundation / Travelogues,Travelogues item 50868,YELLOW — image reuse terms not verified,https://eng.travelogues.gr/item.php?view=50868,Art: William Gell · Aikaterini Laskaridis Foundation / Travelogues,Landscape / environmental reference,,,29 Sep 2026 batch import. Full composition inspected on a contact sheet; no final card crop approved. Preserve the actual depicted place; mythic uses are analogues. Gell's historical site identifications are not archaeological proof.,RESEARCH,https://kliawota.design/mtgtools/odyssey/assets/landscapes/ART-681.f032f256b803.jpg,1500,448,2026-09-29
ART-682,landscape; import20260929; collectiongelltroy; Troad; localetroy; envfreshwater,The Tombs of Hector and Aesyetes in the vale of Karamenders (anc. Scamander) river.,William Gell,1804,Historical landscape study,Published landscape print,Aikaterini Laskaridis Foundation / Travelogues,Travelogues item 50869,YELLOW — image reuse terms not verified,https://eng.travelogues.gr/item.php?view=50869,Art: William Gell · Aikaterini Laskaridis Foundation / Travelogues,Landscape / environmental reference,,,29 Sep 2026 batch import. Full composition inspected on a contact sheet; no final card crop approved. Preserve the actual depicted place; mythic uses are analogues. Gell's historical site identifications are not archaeological proof.,RESEARCH,https://kliawota.design/mtgtools/odyssey/assets/landscapes/ART-682.2396b0214eb6.jpg,1500,897,2026-09-29
ART-683,landscape; import20260929; collectiongelltroy; envcoast,"View of the Tomb of Antilochus, on the eastern shore of the Dardanelles, and close to the ancient city of Rhoiteion (today Intepe).",William Gell,1804,Historical landscape study,Published landscape print,Aikaterini Laskaridis Foundation / Travelogues,Travelogues item 50870,YELLOW — image reuse terms not verified,https://eng.travelogues.gr/item.php?view=50870,Art: William Gell · Aikaterini Laskaridis Foundation / Travelogues,Landscape / environmental reference,,,29 Sep 2026 batch import. Full composition inspected on a contact sheet; no final card crop approved. Preserve the actual depicted place; mythic uses are analogues. Gell's historical site identifications are not archaeological proof.,RESEARCH,https://kliawota.design/mtgtools/odyssey/assets/landscapes/ART-683.fd608e7546fa.jpg,1500,1027,2026-09-29
ART-684,landscape; import20260929; collectiongelltroy,View of the Tomb of Achilles (Beşiktepe) in Beşika Burnu (anc. Achilleion).,William Gell,1804,Historical landscape study,Published landscape print,Aikaterini Laskaridis Foundation / Travelogues,Travelogues item 50871,YELLOW — image reuse terms not verified,https://eng.travelogues.gr/item.php?view=50871,Art: William Gell · Aikaterini Laskaridis Foundation / Travelogues,Landscape / environmental reference,,,29 Sep 2026 batch import. Full composition inspected on a contact sheet; no final card crop approved. Preserve the actual depicted place; mythic uses are analogues. Gell's historical site identifications are not archaeological proof.,RESEARCH,https://kliawota.design/mtgtools/odyssey/assets/landscapes/ART-684.383556786a1b.jpg,1500,966,2026-09-29
ART-685,landscape; import20260929; collectiongelltroy,View of part of the Dardanells from the Tomb of Achilles (Beşiktepe). In the background the Castle of Kumkale.,William Gell,1804,Historical landscape study,Published landscape print,Aikaterini Laskaridis Foundation / Travelogues,Travelogues item 50872,YELLOW — image reuse terms not verified,https://eng.travelogues.gr/item.php?view=50872,Art: William Gell · Aikaterini Laskaridis Foundation / Travelogues,Landscape / environmental reference,,,29 Sep 2026 batch import. Full composition inspected on a contact sheet; no final card crop approved. Preserve the actual depicted place; mythic uses are analogues. Later architecture/costume needs crop review. Gell's historical site identifications are not archaeological proof.,RESEARCH,https://kliawota.design/mtgtools/odyssey/assets/landscapes/ART-685.9301ec9bbc52.jpg,1500,764,2026-09-29
ART-686,landscape; import20260929; collectiongelltroy; Troad; localetroy; envfreshwater,"Landscape in the vale of Simoes river, most probably north of today's village Kalafat.",William Gell,1804,Historical landscape study,Published landscape print,Aikaterini Laskaridis Foundation / Travelogues,Travelogues item 50874,YELLOW — image reuse terms not verified,https://eng.travelogues.gr/item.php?view=50874,Art: William Gell · Aikaterini Laskaridis Foundation / Travelogues,Landscape / environmental reference,,,29 Sep 2026 batch import. Full composition inspected on a contact sheet; no final card crop approved. Preserve the actual depicted place; mythic uses are analogues. Later architecture/costume needs crop review. Gell's historical site identifications are not archaeological proof.,RESEARCH,https://kliawota.design/mtgtools/odyssey/assets/landscapes/ART-686.ed2a79023136.jpg,1500,560,2026-09-29
ART-687,landscape; import20260929; collectiongelltroy; Troad; localetroy,"Landscape in between the village of Kalafat and Bunarbaşı, site identified erroneously with Troy in the nineteenth-century.",William Gell,1804,Historical landscape study,Published landscape print,Aikaterini Laskaridis Foundation / Travelogues,Travelogues item 50875,YELLOW — image reuse terms not verified,https://eng.travelogues.gr/item.php?view=50875,Art: William Gell · Aikaterini Laskaridis Foundation / Travelogues,Landscape / environmental reference,,,29 Sep 2026 batch import. Full composition inspected on a contact sheet; no final card crop approved. Preserve the actual depicted place; mythic uses are analogues. Later architecture/costume needs crop review. Gell's historical site identifications are not archaeological proof.,RESEARCH,https://kliawota.design/mtgtools/odyssey/assets/landscapes/ART-687.0a86b71a0b0f.jpg,1500,558,2026-09-29
ART-688,landscape; import20260929; collectiongelltroy; Troad; localetroy; envfreshwater,"Warm source of Karamenderes (anc. Scamander) river near the village of Bunarbaşı. In the background the house of the Ottoman Aga, where the author stayed during his visit.",William Gell,1804,Historical landscape study,Published landscape print,Aikaterini Laskaridis Foundation / Travelogues,Travelogues item 50876,YELLOW — image reuse terms not verified,https://eng.travelogues.gr/item.php?view=50876,Art: William Gell · Aikaterini Laskaridis Foundation / Travelogues,Landscape / environmental reference,,,29 Sep 2026 batch import. Full composition inspected on a contact sheet; no final card crop approved. Preserve the actual depicted place; mythic uses are analogues. Later architecture/costume needs crop review. Gell's historical site identifications are not archaeological proof.,RESEARCH,https://kliawota.design/mtgtools/odyssey/assets/landscapes/ART-688.4693995f75b0.jpg,1500,1028,2026-09-29
ART-689,landscape; import20260929; collectiongelltroy; Troad; localetroy; envfreshwater,Cold spring of Karamenderes (anc. Scamander) river.,William Gell,1804,Historical landscape study,Published landscape print,Aikaterini Laskaridis Foundation / Travelogues,Travelogues item 50877,YELLOW — image reuse terms not verified,https://eng.travelogues.gr/item.php?view=50877,Art: William Gell · Aikaterini Laskaridis Foundation / Travelogues,Landscape / environmental reference,,,29 Sep 2026 batch import. Full composition inspected on a contact sheet; no final card crop approved. Preserve the actual depicted place; mythic uses are analogues. Gell's historical site identifications are not archaeological proof.,RESEARCH,https://kliawota.design/mtgtools/odyssey/assets/landscapes/ART-689.476656dc5f9c.jpg,1500,925,2026-09-29
ART-690,landscape; import20260929; collectiongelltroy; Troad; localetroy,"View of Bunarbaşı, village, erroneously identified in the nineteenth-century with Troy.",William Gell,1804,Historical landscape study,Published landscape print,Aikaterini Laskaridis Foundation / Travelogues,Travelogues item 50878,YELLOW — image reuse terms not verified,https://eng.travelogues.gr/item.php?view=50878,Art: William Gell · Aikaterini Laskaridis Foundation / Travelogues,Landscape / environmental reference,,,29 Sep 2026 batch import. Full composition inspected on a contact sheet; no final card crop approved. Preserve the actual depicted place; mythic uses are analogues. Later architecture/costume needs crop review. Gell's historical site identifications are not archaeological proof.,RESEARCH,https://kliawota.design/mtgtools/odyssey/assets/landscapes/ART-690.bd58858ad319.jpg,1500,840,2026-09-29
ART-691,landscape; import20260929; collectiongelltroy; Troad; localetroy,"View of Bunarbaşı, village, erroneously identified in the nineteenth-century with Troy.",William Gell,1804,Historical landscape study,Published landscape print,Aikaterini Laskaridis Foundation / Travelogues,Travelogues item 50879,YELLOW — image reuse terms not verified,https://eng.travelogues.gr/item.php?view=50879,Art: William Gell · Aikaterini Laskaridis Foundation / Travelogues,Landscape / environmental reference,,,29 Sep 2026 batch import. Full composition inspected on a contact sheet; no final card crop approved. Preserve the actual depicted place; mythic uses are analogues. Later architecture/costume needs crop review. Gell's historical site identifications are not archaeological proof.,RESEARCH,https://kliawota.design/mtgtools/odyssey/assets/landscapes/ART-691.56345fb031a5.jpg,1500,1023,2026-09-29
ART-692,landscape; import20260929; collectiongelltroy; Troad; localetroy,"View of Bunarbaşı, village, erroneously identified in the nineteenth-century with Troy. In the foreground the court of the House of the Ottoman Aga, where the author stayed during his visit.",William Gell,1804,Historical landscape study,Published landscape print,Aikaterini Laskaridis Foundation / Travelogues,Travelogues item 50880,YELLOW — image reuse terms not verified,https://eng.travelogues.gr/item.php?view=50880,Art: William Gell · Aikaterini Laskaridis Foundation / Travelogues,Landscape / environmental reference,,,29 Sep 2026 batch import. Full composition inspected on a contact sheet; no final card crop approved. Preserve the actual depicted place; mythic uses are analogues. Later architecture/costume needs crop review. Gell's historical site identifications are not archaeological proof.,RESEARCH,https://kliawota.design/mtgtools/odyssey/assets/landscapes/ART-692.4c0f424b5ea3.jpg,1500,870,2026-09-29
ART-693,landscape; import20260929; collectiongelltroy; Troad; localetroy,"View of Bunarbaşı, village, erroneously identified in the nineteenth-century with Troy. In the background the Dardanelles.",William Gell,1804,Historical landscape study,Published landscape print,Aikaterini Laskaridis Foundation / Travelogues,Travelogues item 50881,YELLOW — image reuse terms not verified,https://eng.travelogues.gr/item.php?view=50881,Art: William Gell · Aikaterini Laskaridis Foundation / Travelogues,Landscape / environmental reference,,,29 Sep 2026 batch import. Full composition inspected on a contact sheet; no final card crop approved. Preserve the actual depicted place; mythic uses are analogues. Later architecture/costume needs crop review. Gell's historical site identifications are not archaeological proof.,RESEARCH,https://kliawota.design/mtgtools/odyssey/assets/landscapes/ART-693.a8f727728893.jpg,1500,809,2026-09-29
ART-694,landscape; import20260929; collectiongelltroy; Troad; localetroy,"South view of Bunarbaşı, village, erroneously identified in the nineteenth-century with Troy.",William Gell,1804,Historical landscape study,Published landscape print,Aikaterini Laskaridis Foundation / Travelogues,Travelogues item 50882,YELLOW — image reuse terms not verified,https://eng.travelogues.gr/item.php?view=50882,Art: William Gell · Aikaterini Laskaridis Foundation / Travelogues,Landscape / environmental reference,,,29 Sep 2026 batch import. Full composition inspected on a contact sheet; no final card crop approved. Preserve the actual depicted place; mythic uses are analogues. Later architecture/costume needs crop review. Gell's historical site identifications are not archaeological proof.,RESEARCH,https://kliawota.design/mtgtools/odyssey/assets/landscapes/ART-694.a31f2e9a62d4.jpg,1500,940,2026-09-29
ART-695,landscape; import20260929; collectiongelltroy; Troad; localetroy,"View of Bunarbaşı, village, erroneously identified in the nineteenth-century with Troy.",William Gell,1804,Historical landscape study,Published landscape print,Aikaterini Laskaridis Foundation / Travelogues,Travelogues item 50883,YELLOW — image reuse terms not verified,https://eng.travelogues.gr/item.php?view=50883,Art: William Gell · Aikaterini Laskaridis Foundation / Travelogues,Landscape / environmental reference,,,29 Sep 2026 batch import. Full composition inspected on a contact sheet; no final card crop approved. Preserve the actual depicted place; mythic uses are analogues. Later architecture/costume needs crop review. Gell's historical site identifications are not archaeological proof.,RESEARCH,https://kliawota.design/mtgtools/odyssey/assets/landscapes/ART-695.1c957f85ce0b.jpg,1500,883,2026-09-29
ART-696,landscape; import20260929; collectiongelltroy; Troad; localetroy,"Landscape around Bunarbaşı, village, erroneously identified in the nineteenth-century with Troy.",William Gell,1804,Historical landscape study,Published landscape print,Aikaterini Laskaridis Foundation / Travelogues,Travelogues item 50884,YELLOW — image reuse terms not verified,https://eng.travelogues.gr/item.php?view=50884,Art: William Gell · Aikaterini Laskaridis Foundation / Travelogues,Landscape / environmental reference,,,29 Sep 2026 batch import. Full composition inspected on a contact sheet; no final card crop approved. Preserve the actual depicted place; mythic uses are analogues. Later architecture/costume needs crop review. Gell's historical site identifications are not archaeological proof.,RESEARCH,https://kliawota.design/mtgtools/odyssey/assets/landscapes/ART-696.8f964918022d.jpg,1500,553,2026-09-29
ART-697,landscape; import20260929; collectiongelltroy; Troad; localetroy,"Tombs around Bunarbaşı, village, erroneously identified in the nineteenth-century with Troy.",William Gell,1804,Historical landscape study,Published landscape print,Aikaterini Laskaridis Foundation / Travelogues,Travelogues item 50885,YELLOW — image reuse terms not verified,https://eng.travelogues.gr/item.php?view=50885,Art: William Gell · Aikaterini Laskaridis Foundation / Travelogues,Landscape / environmental reference,,,29 Sep 2026 batch import. Full composition inspected on a contact sheet; no final card crop approved. Preserve the actual depicted place; mythic uses are analogues. Later architecture/costume needs crop review. Gell's historical site identifications are not archaeological proof.,RESEARCH,https://kliawota.design/mtgtools/odyssey/assets/landscapes/ART-697.c618778f0b8f.jpg,1500,1006,2026-09-29
ART-698,landscape; import20260929; collectiongelltroy; Troad; localetroy,"Panoramic view of Bunarbaşı, village, erroneously identified in the nineteenth-century with Troy. In the background the Dardanelles.",William Gell,1804,Historical landscape study,Published landscape print,Aikaterini Laskaridis Foundation / Travelogues,Travelogues item 50886,YELLOW — image reuse terms not verified,https://eng.travelogues.gr/item.php?view=50886,Art: William Gell · Aikaterini Laskaridis Foundation / Travelogues,Landscape / environmental reference,,,29 Sep 2026 batch import. Full composition inspected on a contact sheet; no final card crop approved. Preserve the actual depicted place; mythic uses are analogues. Later architecture/costume needs crop review. Gell's historical site identifications are not archaeological proof.,RESEARCH,https://kliawota.design/mtgtools/odyssey/assets/landscapes/ART-698.238dd905ddc1.jpg,1500,509,2026-09-29
ART-699,landscape; import20260929; collectiongelltroy; Troad; localetroy,"Foundations on the summit of the hill of Bunarbaşı, village, erroneously identified in the nineteenth-century with Troy.",William Gell,1804,Historical landscape study,Published landscape print,Aikaterini Laskaridis Foundation / Travelogues,Travelogues item 50887,YELLOW — image reuse terms not verified,https://eng.travelogues.gr/item.php?view=50887,Art: William Gell · Aikaterini Laskaridis Foundation / Travelogues,Landscape / environmental reference,,,29 Sep 2026 batch import. Full composition inspected on a contact sheet; no final card crop approved. Preserve the actual depicted place; mythic uses are analogues. Later architecture/costume needs crop review. Gell's historical site identifications are not archaeological proof.,RESEARCH,https://kliawota.design/mtgtools/odyssey/assets/landscapes/ART-699.769a8d98ebbc.jpg,1500,926,2026-09-29
ART-700,landscape; import20260929; collectiongelltroy; Troad; localetroy,"West view of Bunarbaşı, village, erroneously identified in the nineteenth-century with Troy. In the background the island of Tenedos.",William Gell,1804,Historical landscape study,Published landscape print,Aikaterini Laskaridis Foundation / Travelogues,Travelogues item 50888,YELLOW — image reuse terms not verified,https://eng.travelogues.gr/item.php?view=50888,Art: William Gell · Aikaterini Laskaridis Foundation / Travelogues,Landscape / environmental reference,,,29 Sep 2026 batch import. Full composition inspected on a contact sheet; no final card crop approved. Preserve the actual depicted place; mythic uses are analogues. Later architecture/costume needs crop review. Gell's historical site identifications are not archaeological proof.,RESEARCH,https://kliawota.design/mtgtools/odyssey/assets/landscapes/ART-700.4823101a7f1e.jpg,1500,881,2026-09-29
ART-701,landscape; import20260929; collectiongelltroy; Troad; localetroy,"Landscape around Bunarbaşı, village, erroneously identified in the nineteenth-century with Troy. In the background the Dardanelles.",William Gell,1804,Historical landscape study,Published landscape print,Aikaterini Laskaridis Foundation / Travelogues,Travelogues item 50889,YELLOW — image reuse terms not verified,https://eng.travelogues.gr/item.php?view=50889,Art: William Gell · Aikaterini Laskaridis Foundation / Travelogues,Landscape / environmental reference,,,29 Sep 2026 batch import. Full composition inspected on a contact sheet; no final card crop approved. Preserve the actual depicted place; mythic uses are analogues. Later architecture/costume needs crop review. Gell's historical site identifications are not archaeological proof.,RESEARCH,https://kliawota.design/mtgtools/odyssey/assets/landscapes/ART-701.ffdac67eabcf.jpg,1500,701,2026-09-29
ART-702,landscape; import20260929; collectiongelltroy; Troad; localetroy,"Hills around Bunarbaşı, village, erroneously identified in the nineteenth-century with Troy.",William Gell,1804,Historical landscape study,Published landscape print,Aikaterini Laskaridis Foundation / Travelogues,Travelogues item 50890,YELLOW — image reuse terms not verified,https://eng.travelogues.gr/item.php?view=50890,Art: William Gell · Aikaterini Laskaridis Foundation / Travelogues,Landscape / environmental reference,,,29 Sep 2026 batch import. Full composition inspected on a contact sheet; no final card crop approved. Preserve the actual depicted place; mythic uses are analogues. Later architecture/costume needs crop review. Gell's historical site identifications are not archaeological proof.,RESEARCH,https://kliawota.design/mtgtools/odyssey/assets/landscapes/ART-702.19855047df20.jpg,1500,1021,2026-09-29
ART-703,landscape; import20260929; collectiongelltroy; Troad; localetroy,"Hills around Bunarbaşı, village, erroneously identified in the nineteenth-century with Troy.",William Gell,1804,Historical landscape study,Published landscape print,Aikaterini Laskaridis Foundation / Travelogues,Travelogues item 50891,YELLOW — image reuse terms not verified,https://eng.travelogues.gr/item.php?view=50891,Art: William Gell · Aikaterini Laskaridis Foundation / Travelogues,Landscape / environmental reference,,,29 Sep 2026 batch import. Full composition inspected on a contact sheet; no final card crop approved. Preserve the actual depicted place; mythic uses are analogues. Later architecture/costume needs crop review. Gell's historical site identifications are not archaeological proof.,RESEARCH,https://kliawota.design/mtgtools/odyssey/assets/landscapes/ART-703.e7c59d088157.jpg,1500,593,2026-09-29
ART-704,landscape; import20260929; collectiongellithaca; Ithaca; localeithaca,"View from the monastery of Kathara, Ithaca.",William Gell,1807,Historical landscape study,Published landscape print,Aikaterini Laskaridis Foundation / Travelogues,Travelogues item 32858,YELLOW — image reuse terms not verified,https://eng.travelogues.gr/item.php?view=32858,Art: William Gell · Aikaterini Laskaridis Foundation / Travelogues,Landscape / environmental reference,,,29 Sep 2026 batch import. Full composition inspected on a contact sheet; no final card crop approved. Preserve the actual depicted place; mythic uses are analogues. Later architecture/costume needs crop review. Sub-1000px preview; seek a higher-resolution scan before printing.,RESEARCH,https://kliawota.design/mtgtools/odyssey/assets/landscapes/ART-704.cbc6b3c905a7.jpg,800,243,2026-09-29
ART-705,landscape; import20260929; collectiongellithaca; Ithaca; localeithaca,"View of Ithaca, with “Homer's school”.",William Gell,1807,Historical landscape study,Published landscape print,Aikaterini Laskaridis Foundation / Travelogues,Travelogues item 32861,YELLOW — image reuse terms not verified,https://eng.travelogues.gr/item.php?view=32861,Art: William Gell · Aikaterini Laskaridis Foundation / Travelogues,Landscape / environmental reference,,,29 Sep 2026 batch import. Full composition inspected on a contact sheet; no final card crop approved. Preserve the actual depicted place; mythic uses are analogues. Sub-1000px preview; seek a higher-resolution scan before printing.,RESEARCH,https://kliawota.design/mtgtools/odyssey/assets/landscapes/ART-705.c2fd4332a35c.jpg,800,502,2026-09-29
ART-706,landscape; import20260929; collectiongellithaca; Ithaca; localeithaca; envrock,Rock Corax and Fount of Arethusa in Ithaca.,William Gell,1807,Historical landscape study,Published landscape print,Aikaterini Laskaridis Foundation / Travelogues,Travelogues item 32862,YELLOW — image reuse terms not verified,https://eng.travelogues.gr/item.php?view=32862,Art: William Gell · Aikaterini Laskaridis Foundation / Travelogues,Landscape / environmental reference,,,29 Sep 2026 batch import. Full composition inspected on a contact sheet; no final card crop approved. Preserve the actual depicted place; mythic uses are analogues. Sub-1000px preview; seek a higher-resolution scan before printing.,RESEARCH,https://kliawota.design/mtgtools/odyssey/assets/landscapes/ART-706.1ce0fb1c5301.jpg,800,590,2026-09-29
ART-707,landscape; import20260929; collectiongellithaca; Ithaca; localeithaca,View from the monastery of Archangelos in Ithaca.,William Gell,1807,Historical landscape study,Published landscape print,Aikaterini Laskaridis Foundation / Travelogues,Travelogues item 32863,YELLOW — image reuse terms not verified,https://eng.travelogues.gr/item.php?view=32863,Art: William Gell · Aikaterini Laskaridis Foundation / Travelogues,Landscape / environmental reference,,,29 Sep 2026 batch import. Full composition inspected on a contact sheet; no final card crop approved. Preserve the actual depicted place; mythic uses are analogues. Later architecture/costume needs crop review. Sub-1000px preview; seek a higher-resolution scan before printing.,RESEARCH,https://kliawota.design/mtgtools/odyssey/assets/landscapes/ART-707.d7605bfc4cd2.jpg,800,463,2026-09-29
ART-708,landscape; import20260929; collectiongellithaca,View near Leuka (Lefki).,William Gell,1807,Historical landscape study,Published landscape print,Aikaterini Laskaridis Foundation / Travelogues,Travelogues item 32866,YELLOW — image reuse terms not verified,https://eng.travelogues.gr/item.php?view=32866,Art: William Gell · Aikaterini Laskaridis Foundation / Travelogues,Landscape / environmental reference,,,29 Sep 2026 batch import. Full composition inspected on a contact sheet; no final card crop approved. Preserve the actual depicted place; mythic uses are analogues. Sub-1000px preview; seek a higher-resolution scan before printing.,RESEARCH,https://kliawota.design/mtgtools/odyssey/assets/landscapes/ART-708.7f18f8f0cf0d.jpg,800,450,2026-09-29
ART-709,landscape; import20260929; collectiongellithaca,Channel of Cephallonia- View from the summit of Aito.,William Gell,1807,Historical landscape study,Published landscape print,Aikaterini Laskaridis Foundation / Travelogues,Travelogues item 32867,YELLOW — image reuse terms not verified,https://eng.travelogues.gr/item.php?view=32867,Art: William Gell · Aikaterini Laskaridis Foundation / Travelogues,Landscape / environmental reference,,,29 Sep 2026 batch import. Full composition inspected on a contact sheet; no final card crop approved. Preserve the actual depicted place; mythic uses are analogues. Sub-1000px preview; seek a higher-resolution scan before printing.,RESEARCH,https://kliawota.design/mtgtools/odyssey/assets/landscapes/ART-709.24f98de41b63.jpg,800,197,2026-09-29
ART-710,landscape; import20260929; collectiongellithaca; Ithaca; localeithaca,"View from the hill of Maurona (Mavrona), Ithaca.",William Gell,1807,Historical landscape study,Published landscape print,Aikaterini Laskaridis Foundation / Travelogues,Travelogues item 32868,YELLOW — image reuse terms not verified,https://eng.travelogues.gr/item.php?view=32868,Art: William Gell · Aikaterini Laskaridis Foundation / Travelogues,Landscape / environmental reference,,,29 Sep 2026 batch import. Full composition inspected on a contact sheet; no final card crop approved. Preserve the actual depicted place; mythic uses are analogues. Sub-1000px preview; seek a higher-resolution scan before printing.,RESEARCH,https://kliawota.design/mtgtools/odyssey/assets/landscapes/ART-710.c25b352941e8.jpg,800,243,2026-09-29
ART-711,landscape; import20260929; collectiongellithaca; Ithaca; localeithaca; envcoast,"View of the bay of Frikies, Ithaca.",William Gell,1807,Historical landscape study,Published landscape print,Aikaterini Laskaridis Foundation / Travelogues,Travelogues item 32869,YELLOW — image reuse terms not verified,https://eng.travelogues.gr/item.php?view=32869,Art: William Gell · Aikaterini Laskaridis Foundation / Travelogues,Landscape / environmental reference,,,29 Sep 2026 batch import. Full composition inspected on a contact sheet; no final card crop approved. Preserve the actual depicted place; mythic uses are analogues. Sub-1000px preview; seek a higher-resolution scan before printing.,RESEARCH,https://kliawota.design/mtgtools/odyssey/assets/landscapes/ART-711.85c9714fc076.jpg,800,495,2026-09-29
ART-712,landscape; import20260929; collectioncartwright; Scheria analogue; localescheria; envcoast,Town and harbour of Corfu. From the island of Vido.,"Robert Havell, after Joseph Cartwright",1821,Historical landscape study,Published landscape print,Aikaterini Laskaridis Foundation / Travelogues,Travelogues item 53940,YELLOW — image reuse terms not verified,https://eng.travelogues.gr/item.php?view=53940,"Art: Robert Havell, after Joseph Cartwright · Aikaterini Laskaridis Foundation / Travelogues",Landscape / environmental reference,,,29 Sep 2026 batch import. Full composition inspected on a contact sheet; no final card crop approved. Preserve the actual depicted place; mythic uses are analogues. Later architecture/costume needs crop review.,RESEARCH,https://kliawota.design/mtgtools/odyssey/assets/landscapes/ART-712.afec0475f961.jpg,1500,1004,2026-09-29
ART-713,landscape; import20260929; collectioncartwright; Scheria analogue; localescheria,"The ford at Perama, Corfu island.","Robert Havell, after Joseph Cartwright",1821,Historical landscape study,Published landscape print,Aikaterini Laskaridis Foundation / Travelogues,Travelogues item 53943,YELLOW — image reuse terms not verified,https://eng.travelogues.gr/item.php?view=53943,"Art: Robert Havell, after Joseph Cartwright · Aikaterini Laskaridis Foundation / Travelogues",Landscape / environmental reference,,,29 Sep 2026 batch import. Full composition inspected on a contact sheet; no final card crop approved. Preserve the actual depicted place; mythic uses are analogues.,RESEARCH,https://kliawota.design/mtgtools/odyssey/assets/landscapes/ART-713.4429b3ba94d1.jpg,1500,1004,2026-09-29
ART-714,landscape; import20260929; collectioncartwright,The castle of Santa Maura from the Acropolis of Lefkada.,"Robert Havell, after Joseph Cartwright",1821,Historical landscape study,Published landscape print,Aikaterini Laskaridis Foundation / Travelogues,Travelogues item 53944,YELLOW — image reuse terms not verified,https://eng.travelogues.gr/item.php?view=53944,"Art: Robert Havell, after Joseph Cartwright · Aikaterini Laskaridis Foundation / Travelogues",Landscape / environmental reference,,,29 Sep 2026 batch import. Full composition inspected on a contact sheet; no final card crop approved. Preserve the actual depicted place; mythic uses are analogues. Later architecture/costume needs crop review.,RESEARCH,https://kliawota.design/mtgtools/odyssey/assets/landscapes/ART-714.83fb655a1c75.jpg,1500,1004,2026-09-29
ART-715,landscape; import20260929; collectioncartwright,"Cape Lefkatas, the place where according to the legend Sappho leapt to her death, in Lefkada island.","Robert Havell, after Joseph Cartwright",1821,Historical landscape study,Published landscape print,Aikaterini Laskaridis Foundation / Travelogues,Travelogues item 53945,YELLOW — image reuse terms not verified,https://eng.travelogues.gr/item.php?view=53945,"Art: Robert Havell, after Joseph Cartwright · Aikaterini Laskaridis Foundation / Travelogues",Landscape / environmental reference,,,29 Sep 2026 batch import. Full composition inspected on a contact sheet; no final card crop approved. Preserve the actual depicted place; mythic uses are analogues.,RESEARCH,https://kliawota.design/mtgtools/odyssey/assets/landscapes/ART-715.e180802e55f0.jpg,1500,1004,2026-09-29
ART-716,landscape; import20260929; collectioncartwright; envcoast,"Town and harbour of Vathi, Ithaka island.","Robert Havell, after Joseph Cartwright",1821,Historical landscape study,Published landscape print,Aikaterini Laskaridis Foundation / Travelogues,Travelogues item 53947,YELLOW — image reuse terms not verified,https://eng.travelogues.gr/item.php?view=53947,"Art: Robert Havell, after Joseph Cartwright · Aikaterini Laskaridis Foundation / Travelogues",Landscape / environmental reference,,,29 Sep 2026 batch import. Full composition inspected on a contact sheet; no final card crop approved. Preserve the actual depicted place; mythic uses are analogues. Later architecture/costume needs crop review.,RESEARCH,https://kliawota.design/mtgtools/odyssey/assets/landscapes/ART-716.1e428cd0c599.jpg,1500,1004,2026-09-29
ART-717,landscape; import20260929; collectioncartwright; Ithaca; localeithaca,"Fountain of Arethusa, Ithaca island.","Robert Havell, after Joseph Cartwright",1821,Historical landscape study,Published landscape print,Aikaterini Laskaridis Foundation / Travelogues,Travelogues item 53948,YELLOW — image reuse terms not verified,https://eng.travelogues.gr/item.php?view=53948,"Art: Robert Havell, after Joseph Cartwright · Aikaterini Laskaridis Foundation / Travelogues",Landscape / environmental reference,,,29 Sep 2026 batch import. Full composition inspected on a contact sheet; no final card crop approved. Preserve the actual depicted place; mythic uses are analogues.,RESEARCH,https://kliawota.design/mtgtools/odyssey/assets/landscapes/ART-717.ec2eea1ae7cc.jpg,1004,1500,2026-09-29
ART-718,landscape; import20260929; collectioncartwright; envcoast,"Town and harbour of Argostoli, (Cephalonia). [Depiction of activities pertaining to viticulture].","Robert Havell, after Joseph Cartwright",1821,Historical landscape study,Published landscape print,Aikaterini Laskaridis Foundation / Travelogues,Travelogues item 53949,YELLOW — image reuse terms not verified,https://eng.travelogues.gr/item.php?view=53949,"Art: Robert Havell, after Joseph Cartwright · Aikaterini Laskaridis Foundation / Travelogues",Landscape / environmental reference,,,29 Sep 2026 batch import. Full composition inspected on a contact sheet; no final card crop approved. Preserve the actual depicted place; mythic uses are analogues. Later architecture/costume needs crop review.,RESEARCH,https://kliawota.design/mtgtools/odyssey/assets/landscapes/ART-718.21c66aedccfa.jpg,1500,1004,2026-09-29
ART-719,landscape; import20260929; collectioncartwright; envcoast,Town and harbour of Zakynthos. Depiction of fishing activities.,"Robert Havell, after Joseph Cartwright",1821,Historical landscape study,Published landscape print,Aikaterini Laskaridis Foundation / Travelogues,Travelogues item 53951,YELLOW — image reuse terms not verified,https://eng.travelogues.gr/item.php?view=53951,"Art: Robert Havell, after Joseph Cartwright · Aikaterini Laskaridis Foundation / Travelogues",Landscape / environmental reference,,,29 Sep 2026 batch import. Full composition inspected on a contact sheet; no final card crop approved. Preserve the actual depicted place; mythic uses are analogues. Later architecture/costume needs crop review.,RESEARCH,https://kliawota.design/mtgtools/odyssey/assets/landscapes/ART-719.6d50f8d41f21.jpg,1500,1004,2026-09-29
ART-720,landscape; import20260929; collectionitalianmuseums; Siren-coast regional analogue; localesirencoast,Sorrento,Hans Thoma,1909,Historical landscape study,,National Gallery of Art,,GREEN — NGA object media marked Public Domain; image acquired via official published-image catalogue,https://www.nga.gov/artworks/40227-sorrento,Art: Hans Thoma · National Gallery of Art,Landscape / environmental reference,,,29 Sep 2026 batch import. Full composition inspected on a contact sheet; no final card crop approved. Preserve the actual depicted place; mythic uses are analogues.,RESEARCH,https://kliawota.design/mtgtools/odyssey/assets/landscapes/ART-720.1bf4a9c25093.jpg,1920,1547,2026-09-29
ART-721,landscape; import20260929; collectionitalianmuseums,"View through the Temple of Venus, Baia",Giacinto Gigante,,Historical landscape study,,National Gallery of Art,,GREEN — NGA object media marked Public Domain; image acquired via official published-image catalogue,https://www.nga.gov/artworks/211521-view-through-temple-venus-baia,Art: Giacinto Gigante · National Gallery of Art,Landscape / environmental reference,,,29 Sep 2026 batch import. Full composition inspected on a contact sheet; no final card crop approved. Preserve the actual depicted place; mythic uses are analogues. Later architecture/costume needs crop review.,RESEARCH,https://kliawota.design/mtgtools/odyssey/assets/landscapes/ART-721.cbc6793d54f6.jpg,1920,1430,2026-09-29
ART-722,landscape; import20260929; collectionkellogg; Egypt; localeegypt,Luxor,Miner Kilbourne Kellogg,,Historical landscape study,Pencil on paper,Smithsonian American Art Museum,,GREEN — Smithsonian marks image free to use,https://americanart.si.edu/artwork/luxor-37359,Art: Miner Kilbourne Kellogg · Smithsonian American Art Museum,Landscape / environmental reference,,,29 Sep 2026 batch import. Full composition inspected on a contact sheet; no final card crop approved. Preserve the actual depicted place; mythic uses are analogues. Sub-1000px preview; seek a higher-resolution scan before printing.,RESEARCH,https://kliawota.design/mtgtools/odyssey/assets/landscapes/ART-722.4ab693eaa365.jpg,960,650,2026-09-29
ART-723,landscape; import20260929; collectioncoleetna; Cyclopes country analogue; localecyclopes; envrock,Distant View of Mount Etna,Thomas Cole,1842,Historical landscape study,,Institution identified on canonical source,,YELLOW — image reuse terms not verified,https://collections.lacma.org/object/33451,Art: Thomas Cole · Institution identified on canonical source,Landscape / environmental reference,,,29 Sep 2026 batch import. Full composition inspected on a contact sheet; no final card crop approved. Preserve the actual depicted place; mythic uses are analogues.,RESEARCH,https://kliawota.design/mtgtools/odyssey/assets/landscapes/ART-723.f80bd3c2f384.jpg,1920,1344,2026-09-29
ART-724,landscape; import20260929; collectioncoleetna; Cyclopes country analogue; localecyclopes; envrock,View of Mount Etna,Thomas Cole,1842,Historical landscape study,,Institution identified on canonical source,,YELLOW — image reuse terms not verified,https://artsandculture.google.com/asset/view-of-mount-etna/jAH22wo0eNVVbA,Art: Thomas Cole · Institution identified on canonical source,Landscape / environmental reference,,,29 Sep 2026 batch import. Full composition inspected on a contact sheet; no final card crop approved. Preserve the actual depicted place; mythic uses are analogues. Sub-1000px preview; seek a higher-resolution scan before printing.,RESEARCH,https://kliawota.design/mtgtools/odyssey/assets/landscapes/ART-724.c6bc336d1ae2.jpg,512,337,2026-09-29
ART-725,landscape; import20260929; collectioncoleetna; Cyclopes country analogue; localecyclopes; envrock,View of Mount Etna,Thomas Cole,c. 1842,Historical landscape study,,Institution identified on canonical source,,YELLOW — image reuse terms not verified,https://www.artsbma.org/happy-birthday-thomas-cole/,Art: Thomas Cole · Institution identified on canonical source,Landscape / environmental reference,,,29 Sep 2026 batch import. Full composition inspected on a contact sheet; no final card crop approved. Preserve the actual depicted place; mythic uses are analogues.,RESEARCH,https://kliawota.design/mtgtools/odyssey/assets/landscapes/ART-725.a90eea128c76.jpg,1200,348,2026-09-29
ART-726,landscape; import20260929; collectionlearoriginals,"Canea, Crete",Edward Lear,1864,Historical landscape study,,Holding collection identified on canonical source,,YELLOW — image reuse terms not verified,https://emuseum.toledomuseum.org/objects/49104/canea-crete,Art: Edward Lear · Holding collection identified on canonical source,Landscape / environmental reference,,,29 Sep 2026 batch import. Full composition inspected on a contact sheet; no final card crop approved. Preserve the actual depicted place; mythic uses are analogues. Source record only; no downloadable preview verified.,RESEARCH,,,,
ART-727,landscape; import20260929; collectionlearoriginals; Ogygia analogue; localeogygia,"Gozo, near Malta",Edward Lear,1866,Historical landscape study,,Holding collection identified on canonical source,,YELLOW — image reuse terms not verified,https://artsandculture.google.com/asset/gozo-near-malta-edward-lear-1812%E2%80%931888-british/dQFPtVxR00tX4g,Art: Edward Lear · Holding collection identified on canonical source,Landscape / environmental reference,,,29 Sep 2026 batch import. Full composition inspected on a contact sheet; no final card crop approved. Preserve the actual depicted place; mythic uses are analogues. Sub-1000px preview; seek a higher-resolution scan before printing.,RESEARCH,https://kliawota.design/mtgtools/odyssey/assets/landscapes/ART-727.b77572da0c3a.jpg,512,333,2026-09-29
ART-728,landscape; import20260929; collectionharvardlear; Underworld approach analogue; localeunderworld; envcave,Acheron (Gorge of Suli),Edward Lear,,Historical landscape study,,"Houghton Library, Harvard University",,YELLOW — image reuse terms not verified,https://iiif.lib.harvard.edu/manifests/ids:28324351,"Art: Edward Lear · Houghton Library, Harvard University",Landscape / environmental reference,,,Exact archival source lead; image retrieval failed. Not visually reviewed. The wider Mediterranean archive remains unimported. Source record only; no downloadable preview verified.,RESEARCH,,,,
ART-729,landscape; import20260929; collectionharvardlear; Underworld approach analogue; localeunderworld,Acheron (Suli),Edward Lear,,Historical landscape study,,"Houghton Library, Harvard University",,YELLOW — image reuse terms not verified,https://iiif.lib.harvard.edu/manifests/ids:28324352,"Art: Edward Lear · Houghton Library, Harvard University",Landscape / environmental reference,,,Exact archival source lead; image retrieval failed. Not visually reviewed. The wider Mediterranean archive remains unimported. Source record only; no downloadable preview verified.,RESEARCH,,,,
ART-730,landscape; import20260929; collectiontruetonature,View of the Cascatelli Grandi and the Villa of Maecenas in Tivoli,Richard Wilson,c. 1752,Historical landscape study,Oil on canvas.,"Fondation Custodia, Collection Frits Lugt, Paris, inv. no. 2019-S.29",True to Nature catalogue 1,YELLOW — supplied image terms need verification,https://www.fondationcustodia.fr/1-Richard-Wilson-1436,"Art: Richard Wilson · Fondation Custodia, Collection Frits Lugt, Paris, inv. no. 2019-S.29",Landscape / environmental reference,,,"29 Sep 2026 batch import. Full composition inspected on a contact sheet; no final card crop approved. Preserve the actual depicted place; mythic uses are analogues. General environmental reference, not claimed Homeric topography.",RESEARCH,https://kliawota.design/mtgtools/odyssey/assets/landscapes/ART-730.c9cb861938f3.jpg,1920,1124,2026-09-29
ART-731,landscape; import20260929; collectiontruetonature,Young Man Reclining on the Downs,Théodore Caruelle d’Aligny,1833-1835,Historical landscape study,"Oil on paper, mounted on canvas.","The Fitzwilliam Museum, Cambridge, The John Tillotson Bequest, inv. no. PD.119-1985",True to Nature catalogue 3,YELLOW — supplied image terms need verification,https://www.fondationcustodia.fr/3-Theodore-Caruelle-d-Aligny-1438,"Art: Théodore Caruelle d’Aligny · The Fitzwilliam Museum, Cambridge, The John Tillotson Bequest, inv. no. PD.119-1985",Landscape / environmental reference,,,"29 Sep 2026 batch import. Full composition inspected on a contact sheet; no final card crop approved. Preserve the actual depicted place; mythic uses are analogues. General environmental reference, not claimed Homeric topography.",RESEARCH,https://kliawota.design/mtgtools/odyssey/assets/landscapes/ART-731.4c20d5295b7d.jpg,1920,900,2026-09-29
ART-732,landscape; import20260929; collectiontruetonature,View of Bozen with a Painter,Jules Coignet,1837,Historical landscape study,"Oil on paper, mounted on canvas.","National Gallery of Art, Washington, D.C., gift of Mrs. John Jay Ide in memory of Mr. and Mrs. William Henry Donner, inv. no. 1994.52.1",True to Nature catalogue 4,YELLOW — supplied image terms need verification,https://www.fondationcustodia.fr/4-Jules-Coignet-1439,"Art: Jules Coignet · National Gallery of Art, Washington, D.C., gift of Mrs. John Jay Ide in memory of Mr. and Mrs. William Henry Donner, inv. no. 1994.52.1",Landscape / environmental reference,,,"29 Sep 2026 batch import. Full composition inspected on a contact sheet; no final card crop approved. Preserve the actual depicted place; mythic uses are analogues. General environmental reference, not claimed Homeric topography.",RESEARCH,https://kliawota.design/mtgtools/odyssey/assets/landscapes/ART-732.8e504f6aeb58.jpg,1920,1508,2026-09-29
ART-733,landscape; import20260929; collectiontruetonature; envwoodland,"Forest Interior with a Painter, Civita Castellana",André Giroux,1825-1830,Historical landscape study,Oil on paper.,"National Gallery of Art, Washington, D.C., gift of Mrs. John Jay Ide in memory of Mr. and Mrs. William Henry Donner, inv. no. 1994.52.3",True to Nature catalogue 9,YELLOW — supplied image terms need verification,https://www.fondationcustodia.fr/9-Andre-Giroux-1444,"Art: André Giroux · National Gallery of Art, Washington, D.C., gift of Mrs. John Jay Ide in memory of Mr. and Mrs. William Henry Donner, inv. no. 1994.52.3",Landscape / environmental reference,,,"29 Sep 2026 batch import. Full composition inspected on a contact sheet; no final card crop approved. Preserve the actual depicted place; mythic uses are analogues. General environmental reference, not claimed Homeric topography.",RESEARCH,https://kliawota.design/mtgtools/odyssey/assets/landscapes/ART-733.ce780efa8d39.jpg,1920,1257,2026-09-29
ART-734,landscape; import20260929; collectiontruetonature; envwoodland; envfreshwater,"Forest Interior with a Waterfall, Papigno",André Giroux,1825-1830,Historical landscape study,Oil on paper.,"National Gallery of Art, Washington, D.C., gift of Mrs. John Jay Ide in memory of Mr. and Mrs. William Henry Donner, inv. no. 1994.52.4",True to Nature catalogue 10,YELLOW — supplied image terms need verification,https://www.fondationcustodia.fr/10-Andre-Giroux-1445,"Art: André Giroux · National Gallery of Art, Washington, D.C., gift of Mrs. John Jay Ide in memory of Mr. and Mrs. William Henry Donner, inv. no. 1994.52.4",Landscape / environmental reference,,,"29 Sep 2026 batch import. Full composition inspected on a contact sheet; no final card crop approved. Preserve the actual depicted place; mythic uses are analogues. General environmental reference, not claimed Homeric topography.",RESEARCH,https://kliawota.design/mtgtools/odyssey/assets/landscapes/ART-734.61fb983c8af2.jpg,1920,1255,2026-09-29
ART-735,landscape; import20260929; collectiontruetonature; envwoodland,Study of a Tree in the Bois de Boulogne,Pierre-Henri de Valenciennes,c. 1790,Historical landscape study,"Oil on paper, mounted on cardboard.","Fondation Custodia, Collection Frits Lugt, Paris, gift in lieu of inheritance tax Jérôme Binda, Tinos (Greece), inv. no. 2018-S.30",True to Nature catalogue 11,YELLOW — supplied image terms need verification,https://www.fondationcustodia.fr/11-Pierre-Henri-de-Valenciennes-1447,"Art: Pierre-Henri de Valenciennes · Fondation Custodia, Collection Frits Lugt, Paris, gift in lieu of inheritance tax Jérôme Binda, Tinos (Greece), inv. no. 2018-S.30",Landscape / environmental reference,,,"29 Sep 2026 batch import. Full composition inspected on a contact sheet; no final card crop approved. Preserve the actual depicted place; mythic uses are analogues. General environmental reference, not claimed Homeric topography.",RESEARCH,https://kliawota.design/mtgtools/odyssey/assets/landscapes/ART-735.9281349edb78.jpg,1459,1920,2026-09-29
ART-736,landscape; import20260929; collectiontruetonature; envwoodland,Trees in Front of a Valley,Simon Denis,,Historical landscape study,Oil on canvas.,"Fondation Custodia, Collection Frits Lugt, Paris, inv. no. 2017-S.18",True to Nature catalogue 12,YELLOW — supplied image terms need verification,https://www.fondationcustodia.fr/12-Simon-Denis-1448,"Art: Simon Denis · Fondation Custodia, Collection Frits Lugt, Paris, inv. no. 2017-S.18",Landscape / environmental reference,,,"29 Sep 2026 batch import. Full composition inspected on a contact sheet; no final card crop approved. Preserve the actual depicted place; mythic uses are analogues. General environmental reference, not claimed Homeric topography.",RESEARCH,https://kliawota.design/mtgtools/odyssey/assets/landscapes/ART-736.c451bc4358e1.jpg,1920,1418,2026-09-29
ART-737,landscape; import20260929; collectiontruetonature; envwoodland,Study of a Tree,"Anonymous French(?), first half of the 19 th century",,Historical landscape study,"Oil on paper, mounted on cardboard.",Private collection,True to Nature catalogue 13,YELLOW — supplied image terms need verification,https://www.fondationcustodia.fr/13-Anonymous-French-first-half-of-the-19th-century,"Art: Anonymous French(?), first half of the 19 th century · Private collection",Landscape / environmental reference,,,"29 Sep 2026 batch import. Full composition inspected on a contact sheet; no final card crop approved. Preserve the actual depicted place; mythic uses are analogues. General environmental reference, not claimed Homeric topography.",RESEARCH,https://kliawota.design/mtgtools/odyssey/assets/landscapes/ART-737.a9b3e4abd5cf.jpg,1501,1920,2026-09-29
ART-738,landscape; import20260929; collectiontruetonature,"Boulders near Lohmen, Saxony",Johan Christian Dahl,1825,Historical landscape study,"Oil on paper, laid down on cardboard.","Fondation Custodia, Collection Frits Lugt, Paris, inv. no. 2019-S.31",True to Nature catalogue 14,YELLOW — supplied image terms need verification,https://www.fondationcustodia.fr/14-Johan-Christian-Dahl-1450,"Art: Johan Christian Dahl · Fondation Custodia, Collection Frits Lugt, Paris, inv. no. 2019-S.31",Landscape / environmental reference,,,"29 Sep 2026 batch import. Full composition inspected on a contact sheet; no final card crop approved. Preserve the actual depicted place; mythic uses are analogues. General environmental reference, not claimed Homeric topography.",RESEARCH,https://kliawota.design/mtgtools/odyssey/assets/landscapes/ART-738.0e15818c90b7.jpg,1920,1541,2026-09-29
ART-739,landscape; import20260929; collectiontruetonature; envwoodland,Study of Trees,Robert Léopold Leprince,c. 1820,Historical landscape study,"Oil on paper, mounted on canvas.","Fondation Custodia, Collection Frits Lugt, Paris, gift of Catherine Sterling, Paris, inv. no. 2018-S.28",True to Nature catalogue 15,YELLOW — supplied image terms need verification,https://www.fondationcustodia.fr/15-Robert-Leopold-Leprince-1451,"Art: Robert Léopold Leprince · Fondation Custodia, Collection Frits Lugt, Paris, gift of Catherine Sterling, Paris, inv. no. 2018-S.28",Landscape / environmental reference,,,"29 Sep 2026 batch import. Full composition inspected on a contact sheet; no final card crop approved. Preserve the actual depicted place; mythic uses are analogues. General environmental reference, not claimed Homeric topography.",RESEARCH,https://kliawota.design/mtgtools/odyssey/assets/landscapes/ART-739.03d39c8049a3.jpg,1664,1920,2026-09-29
ART-740,landscape; import20260929; collectiontruetonature; envwoodland,A Beech Wood with Gypsies round a Campfire,Joseph Mallord William Turner,c. 1799-1801,Historical landscape study,"Oil on paper, mounted on wood panel.","The Fitzwilliam Museum, Cambridge, purchased with the assistance of the Fairhaven Fund, with contributions from the Victoria and Albert Museum, Grant-in-Aid, the Chase Charity, the Leche Trust, the Pilgrim Trust and the National Heritage Memorial Fund, inv. no. PD.25-1981",True to Nature catalogue 16,YELLOW — supplied image terms need verification,https://www.fondationcustodia.fr/16-Joseph-Mallord-William-Turner-1452,"Art: Joseph Mallord William Turner · The Fitzwilliam Museum, Cambridge, purchased with the assistance of the Fairhaven Fund, with contributions from the Victoria and Albert Museum, Grant-in-Aid, the Chase Charity, the Leche Trust, the Pilgrim Trust and the National Heritage Memorial Fund, inv. no. PD.25-1981",Landscape / environmental reference,,,"29 Sep 2026 batch import. Full composition inspected on a contact sheet; no final card crop approved. Preserve the actual depicted place; mythic uses are analogues. General environmental reference, not claimed Homeric topography.",RESEARCH,https://kliawota.design/mtgtools/odyssey/assets/landscapes/ART-740.9cc70e62c18f.jpg,1345,1920,2026-09-29
ART-741,landscape; import20260929; collectiontruetonature; envwoodland; envcoast,A Beech Wood with Gypsies Seated in the Distance,Joseph Mallord William Turner,c. 1799-1801,Historical landscape study,"Oil on paper, mounted on wood panel.","The Fitzwilliam Museum, Cambridge, purchased with the assistance of the Fairhaven Fund, with contributions from the Victoria and Albert Museum, Grant-in-Aid, the Chase Charity, the Leche Trust, the Pilgrim Trust and the National Heritage Memorial Fund, inv. no. PD.24-1981",True to Nature catalogue 17,YELLOW — supplied image terms need verification,https://www.fondationcustodia.fr/17-Joseph-Mallord-William-Turner-1453,"Art: Joseph Mallord William Turner · The Fitzwilliam Museum, Cambridge, purchased with the assistance of the Fairhaven Fund, with contributions from the Victoria and Albert Museum, Grant-in-Aid, the Chase Charity, the Leche Trust, the Pilgrim Trust and the National Heritage Memorial Fund, inv. no. PD.24-1981",Landscape / environmental reference,,,"29 Sep 2026 batch import. Full composition inspected on a contact sheet; no final card crop approved. Preserve the actual depicted place; mythic uses are analogues. General environmental reference, not claimed Homeric topography.",RESEARCH,https://kliawota.design/mtgtools/odyssey/assets/landscapes/ART-741.07f03827783a.jpg,1347,1920,2026-09-29
ART-742,landscape; import20260929; collectiontruetonature,East Bergholt,John Constable,1808,Historical landscape study,Oil on millboard.,"The Fitzwilliam Museum, Cambridge, bequeathed by Sidney Ernest Prestige, inv. no. PD.15-1968",True to Nature catalogue 18,YELLOW — supplied image terms need verification,https://www.fondationcustodia.fr/18-John-Constable-1454,"Art: John Constable · The Fitzwilliam Museum, Cambridge, bequeathed by Sidney Ernest Prestige, inv. no. PD.15-1968",Landscape / environmental reference,,,"29 Sep 2026 batch import. Full composition inspected on a contact sheet; no final card crop approved. Preserve the actual depicted place; mythic uses are analogues. General environmental reference, not claimed Homeric topography.",RESEARCH,https://kliawota.design/mtgtools/odyssey/assets/landscapes/ART-742.fce5284f0c83.jpg,1622,1920,2026-09-29
ART-743,landscape; import20260929; collectiontruetonature,"Salisbury , 1829(?)",John Constable,,Historical landscape study,Oil on canvas.,"The Fitzwilliam Museum, Cambridge, bequeathed by Frank Hindley Smith, inv. no. 2383",True to Nature catalogue 19,YELLOW — supplied image terms need verification,https://www.fondationcustodia.fr/19-John-Constable-1455,"Art: John Constable · The Fitzwilliam Museum, Cambridge, bequeathed by Frank Hindley Smith, inv. no. 2383",Landscape / environmental reference,,,"29 Sep 2026 batch import. Full composition inspected on a contact sheet; no final card crop approved. Preserve the actual depicted place; mythic uses are analogues. General environmental reference, not claimed Homeric topography.",RESEARCH,https://kliawota.design/mtgtools/odyssey/assets/landscapes/ART-743.1ceb781b9cfb.jpg,1920,1210,2026-09-29
ART-744,landscape; import20260929; collectiontruetonature; envwoodland,Study of a Tree,"Anonymous French, 19 th century",,Historical landscape study,"Oil on paper, laid down on canvas.","Fondation Custodia, Collection Frits Lugt, Paris, inv. no. 2019-S.36",True to Nature catalogue 20,YELLOW — supplied image terms need verification,https://www.fondationcustodia.fr/20-Anonymous-French-19th-century,"Art: Anonymous French, 19 th century · Fondation Custodia, Collection Frits Lugt, Paris, inv. no. 2019-S.36",Landscape / environmental reference,,,"29 Sep 2026 batch import. Full composition inspected on a contact sheet; no final card crop approved. Preserve the actual depicted place; mythic uses are analogues. General environmental reference, not claimed Homeric topography.",RESEARCH,https://kliawota.design/mtgtools/odyssey/assets/landscapes/ART-744.6d3a858abc90.jpg,1531,1920,2026-09-29
ART-745,landscape; import20260929; collectiontruetonature,The Oak and the Reed,Achille-Etna Michallon,1816,Historical landscape study,Oil on canvas.,"The Fitzwilliam Museum, Cambridge, purchased with the assistance of the Gow Fund with contributions from the Museums and Galleries Commission/Victoria & Albert Museum Purchase Grant Fund and the National Art Collections Fund, inv. no. PD.180-1991",True to Nature catalogue 21,YELLOW — supplied image terms need verification,https://www.fondationcustodia.fr/21-Achille-Etna-Michallon-1457,"Art: Achille-Etna Michallon · The Fitzwilliam Museum, Cambridge, purchased with the assistance of the Gow Fund with contributions from the Museums and Galleries Commission/Victoria & Albert Museum Purchase Grant Fund and the National Art Collections Fund, inv. no. PD.180-1991",Landscape / environmental reference,,,"29 Sep 2026 batch import. Full composition inspected on a contact sheet; no final card crop approved. Preserve the actual depicted place; mythic uses are analogues. General environmental reference, not claimed Homeric topography.",RESEARCH,https://kliawota.design/mtgtools/odyssey/assets/landscapes/ART-745.30e78ed82d48.jpg,1920,1489,2026-09-29
ART-746,landscape; import20260929; collectiontruetonature; envwoodland,Uprooted Tree,"François Diday, attributed to",,Historical landscape study,Oil on canvas.,"Fondation Custodia, Collection Frits Lugt, Paris, inv. no. 2015-S.23",True to Nature catalogue 22,YELLOW — supplied image terms need verification,https://www.fondationcustodia.fr/22-Francois-Diday-attributed-to,"Art: François Diday, attributed to · Fondation Custodia, Collection Frits Lugt, Paris, inv. no. 2015-S.23",Landscape / environmental reference,,,"29 Sep 2026 batch import. Full composition inspected on a contact sheet; no final card crop approved. Preserve the actual depicted place; mythic uses are analogues. General environmental reference, not claimed Homeric topography.",RESEARCH,https://kliawota.design/mtgtools/odyssey/assets/landscapes/ART-746.602272d4f393.jpg,1920,1414,2026-09-29
ART-747,landscape; import20260929; collectiontruetonature; envwoodland,Study of a Fallen Dead Tree,Anton Sminck Pitloo,c. 1820-1830,Historical landscape study,"Oil on paper, mounted on cardboard.","Fondation Custodia, Collection Frits Lugt, Paris, inv. no. 2011-S.4",True to Nature catalogue 23,YELLOW — supplied image terms need verification,https://www.fondationcustodia.fr/23-Anton-Sminck-Pitloo-1459,"Art: Anton Sminck Pitloo · Fondation Custodia, Collection Frits Lugt, Paris, inv. no. 2011-S.4",Landscape / environmental reference,,,"29 Sep 2026 batch import. Full composition inspected on a contact sheet; no final card crop approved. Preserve the actual depicted place; mythic uses are analogues. General environmental reference, not claimed Homeric topography.",RESEARCH,https://kliawota.design/mtgtools/odyssey/assets/landscapes/ART-747.71e77e845fcd.jpg,1920,1396,2026-09-29
ART-748,landscape; import20260929; collectiontruetonature; envwoodland,Olive Trees near Tivoli,Janus La Cour,1869,Historical landscape study,Oil on canvas.,"Fondation Custodia, Collection Frits Lugt, Paris, inv. no. 2012-S.7",True to Nature catalogue 24,YELLOW — supplied image terms need verification,https://www.fondationcustodia.fr/24-Janus-La-Cour-1460,"Art: Janus La Cour · Fondation Custodia, Collection Frits Lugt, Paris, inv. no. 2012-S.7",Landscape / environmental reference,,,"29 Sep 2026 batch import. Full composition inspected on a contact sheet; no final card crop approved. Preserve the actual depicted place; mythic uses are analogues. General environmental reference, not claimed Homeric topography.",RESEARCH,https://kliawota.design/mtgtools/odyssey/assets/landscapes/ART-748.e88576c39f07.jpg,1920,1178,2026-09-29
ART-749,landscape; import20260929; collectiontruetonature; envwoodland,Tree Crowns in a Forest (Ariccia?),Fritz Petzholdt,c. 1832,Historical landscape study,Oil on paper.,"Fondation Custodia, Collection Frits Lugt, Paris, gift of John Harvey Bergen and Alexandra van Nierop, Amsterdam, inv. no. 2012-S.29",True to Nature catalogue 25,YELLOW — supplied image terms need verification,https://www.fondationcustodia.fr/25-Fritz-Petzholdt-1461,"Art: Fritz Petzholdt · Fondation Custodia, Collection Frits Lugt, Paris, gift of John Harvey Bergen and Alexandra van Nierop, Amsterdam, inv. no. 2012-S.29",Landscape / environmental reference,,,"29 Sep 2026 batch import. Full composition inspected on a contact sheet; no final card crop approved. Preserve the actual depicted place; mythic uses are analogues. General environmental reference, not claimed Homeric topography.",RESEARCH,https://kliawota.design/mtgtools/odyssey/assets/landscapes/ART-749.0c099fc10506.jpg,1920,1273,2026-09-29
ART-750,landscape; import20260929; collectiontruetonature,Landscape near Ariccia,Carl Morgenstern,c.1835,Historical landscape study,"Oil on paper, laid down on cardboard.","Fondation Custodia, Collection Frits Lugt, Paris, inv. no. 2014-S.15",True to Nature catalogue 26,YELLOW — supplied image terms need verification,https://www.fondationcustodia.fr/26-Carl-Morgenstern-1462,"Art: Carl Morgenstern · Fondation Custodia, Collection Frits Lugt, Paris, inv. no. 2014-S.15",Landscape / environmental reference,,,"29 Sep 2026 batch import. Full composition inspected on a contact sheet; no final card crop approved. Preserve the actual depicted place; mythic uses are analogues. General environmental reference, not claimed Homeric topography.",RESEARCH,https://kliawota.design/mtgtools/odyssey/assets/landscapes/ART-750.ff018c62ceb8.jpg,1920,1245,2026-09-29
ART-751,landscape; import20260929; collectiontruetonature; envwoodland,Tree Study,Friedrich Gauermann,,Historical landscape study,Pencil and oil on paper.,"Fondation Custodia, Collection Frits Lugt, Paris, inv. no. 2021-S.2",True to Nature catalogue 27,YELLOW — supplied image terms need verification,https://www.fondationcustodia.fr/27-Friedrich-Gauermann-1463,"Art: Friedrich Gauermann · Fondation Custodia, Collection Frits Lugt, Paris, inv. no. 2021-S.2",Landscape / environmental reference,,,"29 Sep 2026 batch import. Full composition inspected on a contact sheet; no final card crop approved. Preserve the actual depicted place; mythic uses are analogues. General environmental reference, not claimed Homeric topography.",RESEARCH,https://kliawota.design/mtgtools/odyssey/assets/landscapes/ART-751.1abc3472d47e.jpg,1920,1906,2026-09-29
ART-752,landscape; import20260929; collectiontruetonature; envsky,Landscape in Saint-Cloud,"Anonymous French, 19 th century",,Historical landscape study,"Pencil and oil on paper, laid down on canvas.","Fondation Custodia, Collection Frits Lugt, Paris, gift from James Mackinnon, Midhurst, West Sussex, inv. no. 2020-S.56",True to Nature catalogue 28,YELLOW — supplied image terms need verification,https://www.fondationcustodia.fr/28-Anonymous-French-19th-century,"Art: Anonymous French, 19 th century · Fondation Custodia, Collection Frits Lugt, Paris, gift from James Mackinnon, Midhurst, West Sussex, inv. no. 2020-S.56",Landscape / environmental reference,,,"29 Sep 2026 batch import. Full composition inspected on a contact sheet; no final card crop approved. Preserve the actual depicted place; mythic uses are analogues. General environmental reference, not claimed Homeric topography.",RESEARCH,https://kliawota.design/mtgtools/odyssey/assets/landscapes/ART-752.12e9fe915505.jpg,1920,1362,2026-09-29
ART-753,landscape; import20260929; collectiontruetonature; envwoodland,A Cluster of Trees,"Gilles-François Closson, attributed to",,Historical landscape study,"Oil on pink prepared paper, over black chalk.","Fondation Custodia, Collection Frits Lugt, Paris, inv. no. 2020-S.59",True to Nature catalogue 29,YELLOW — supplied image terms need verification,https://www.fondationcustodia.fr/29-Gilles-Francois-Closson-attributed-to,"Art: Gilles-François Closson, attributed to · Fondation Custodia, Collection Frits Lugt, Paris, inv. no. 2020-S.59",Landscape / environmental reference,,,"29 Sep 2026 batch import. Full composition inspected on a contact sheet; no final card crop approved. Preserve the actual depicted place; mythic uses are analogues. General environmental reference, not claimed Homeric topography.",RESEARCH,https://kliawota.design/mtgtools/odyssey/assets/landscapes/ART-753.eed2fd65bb88.jpg,1920,1155,2026-09-29
ART-754,landscape; import20260929; collectiontruetonature; envsky; envrock,A Study of Waves Breaking against Rocks at Sunset,Baron François Gérard,,Historical landscape study,Oil on millboard.,Private collection,True to Nature catalogue 30,YELLOW — supplied image terms need verification,https://www.fondationcustodia.fr/30-Baron-Francois-Gerard-1467,Art: Baron François Gérard · Private collection,Landscape / environmental reference,,,"29 Sep 2026 batch import. Full composition inspected on a contact sheet; no final card crop approved. Preserve the actual depicted place; mythic uses are analogues. General environmental reference, not claimed Homeric topography.",RESEARCH,https://kliawota.design/mtgtools/odyssey/assets/landscapes/ART-754.149ab60126b2.jpg,1920,1568,2026-09-29
ART-755,landscape; import20260929; collectiontruetonature; Siren-coast regional analogue; localesirencoast; envcoast,Waves on the Sorrento Coast,Heinrich Reinhold,1823,Historical landscape study,"Oil on paper, mounted on canvas.",Private collection,True to Nature catalogue 31,YELLOW — supplied image terms need verification,https://www.fondationcustodia.fr/31-Heinrich-Reinhold-1468,Art: Heinrich Reinhold · Private collection,Landscape / environmental reference,,,29 Sep 2026 batch import. Full composition inspected on a contact sheet; no final card crop approved. Preserve the actual depicted place; mythic uses are analogues.,RESEARCH,https://kliawota.design/mtgtools/odyssey/assets/landscapes/ART-755.4d71c4c64a13.jpg,1920,1267,2026-09-29
ART-756,landscape; import20260929; collectiontruetonature; envcoast,Rough Sea beside a Jetty,Carl Frederik Sørensen,1849,Historical landscape study,Oil on canvas.,"The Fitzwilliam Museum, Cambridge, bought from Bartlett Fund, inv. no. PD. 219-1994",True to Nature catalogue 32,YELLOW — supplied image terms need verification,https://www.fondationcustodia.fr/32-Carl-Frederik-Sorensen-1469,"Art: Carl Frederik Sørensen · The Fitzwilliam Museum, Cambridge, bought from Bartlett Fund, inv. no. PD. 219-1994",Landscape / environmental reference,,,"29 Sep 2026 batch import. Full composition inspected on a contact sheet; no final card crop approved. Preserve the actual depicted place; mythic uses are analogues. General environmental reference, not claimed Homeric topography.",RESEARCH,https://kliawota.design/mtgtools/odyssey/assets/landscapes/ART-756.f78941e82428.jpg,1920,1312,2026-09-29
ART-757,landscape; import20260929; collectiontruetonature; envrock,Rocks in Low Water,Vilhelm Kyhn,1860,Historical landscape study,Oil on canvas.,"Fondation Custodia, Collection Frits Lugt, Paris, inv. no. 2012-S.17",True to Nature catalogue 33,YELLOW — supplied image terms need verification,https://www.fondationcustodia.fr/33-Vilhelm-Kyhn-1470,"Art: Vilhelm Kyhn · Fondation Custodia, Collection Frits Lugt, Paris, inv. no. 2012-S.17",Landscape / environmental reference,,,"29 Sep 2026 batch import. Full composition inspected on a contact sheet; no final card crop approved. Preserve the actual depicted place; mythic uses are analogues. General environmental reference, not claimed Homeric topography.",RESEARCH,https://kliawota.design/mtgtools/odyssey/assets/landscapes/ART-757.523a708f4a70.jpg,1920,1230,2026-09-29
ART-758,landscape; import20260929; collectiontruetonature; Siren-coast regional analogue; localesirencoast; envcave,Grotto near Posillipo,Johan Christian Dahl,1821,Historical landscape study,"Oil on paper, laid down on cardboard.",Private collection,True to Nature catalogue 34,YELLOW — supplied image terms need verification,https://www.fondationcustodia.fr/34-Johan-Christian-Dahl-1471,Art: Johan Christian Dahl · Private collection,Landscape / environmental reference,,,29 Sep 2026 batch import. Full composition inspected on a contact sheet; no final card crop approved. Preserve the actual depicted place; mythic uses are analogues.,RESEARCH,https://kliawota.design/mtgtools/odyssey/assets/landscapes/ART-758.d10b9640386c.jpg,1734,1920,2026-09-29
ART-759,landscape; import20260929; collectiontruetonature; Siren-coast regional analogue; localesirencoast; envcave,View in a Grotto in Posillipo,Johan Christian Dahl,1821,Historical landscape study,"Oil on paper, laid down on cardboard.","Fondation Custodia, Collection Frits Lugt, Paris, inv. no. 2019-S.62",True to Nature catalogue 35,YELLOW — supplied image terms need verification,https://www.fondationcustodia.fr/35-Johan-Christian-Dahl-1472,"Art: Johan Christian Dahl · Fondation Custodia, Collection Frits Lugt, Paris, inv. no. 2019-S.62",Landscape / environmental reference,,,29 Sep 2026 batch import. Full composition inspected on a contact sheet; no final card crop approved. Preserve the actual depicted place; mythic uses are analogues.,RESEARCH,https://kliawota.design/mtgtools/odyssey/assets/landscapes/ART-759.d804d812bbee.jpg,1920,1209,2026-09-29
ART-760,landscape; import20260929; collectiontruetonature; envrock,Rocky Landscape near Narni,Carl Maria Nikolaus Hummel,1844,Historical landscape study,Oil on canvas.,Fondation Custodia exhibition; holding collection not stated,True to Nature catalogue 36,YELLOW — supplied image terms need verification,https://www.fondationcustodia.fr/36-Carl-Maria-Nikolaus-Hummel-1473,Art: Carl Maria Nikolaus Hummel · Fondation Custodia exhibition; holding collection not stated,Landscape / environmental reference,,,"29 Sep 2026 batch import. Full composition inspected on a contact sheet; no final card crop approved. Preserve the actual depicted place; mythic uses are analogues. General environmental reference, not claimed Homeric topography.",RESEARCH,https://kliawota.design/mtgtools/odyssey/assets/landscapes/ART-760.bba13b927f9c.jpg,1920,1228,2026-09-29
ART-761,landscape; import20260929; collectiontruetonature; Siren-coast regional analogue; localesirencoast; envrock,"Limestone Rocks, Sorrento",Carl Wilhelm Götzloff,1858,Historical landscape study,"Oil on paper, mounted on cardboard.","Fondation Custodia, Collection Frits Lugt, Paris, inv. no. 2016-S.30",True to Nature catalogue 37,YELLOW — supplied image terms need verification,https://www.fondationcustodia.fr/37-Carl-Wilhelm-Gotzloff-1474,"Art: Carl Wilhelm Götzloff · Fondation Custodia, Collection Frits Lugt, Paris, inv. no. 2016-S.30",Landscape / environmental reference,,,29 Sep 2026 batch import. Full composition inspected on a contact sheet; no final card crop approved. Preserve the actual depicted place; mythic uses are analogues.,RESEARCH,https://kliawota.design/mtgtools/odyssey/assets/landscapes/ART-761.2c9300057ffb.jpg,1920,1542,2026-09-29
ART-762,landscape; import20260929; collectiontruetonature; envfreshwater,View of Lake Albano from the Via di Palazzolo,Giovanni Battista Camuccini,,Historical landscape study,Oil on canvas.,Private collection; promised gift to the Fondation Custodia,True to Nature catalogue 38,YELLOW — supplied image terms need verification,https://www.fondationcustodia.fr/38-Giovanni-Battista-Camuccini-1475,Art: Giovanni Battista Camuccini · Private collection; promised gift to the Fondation Custodia,Landscape / environmental reference,,,"29 Sep 2026 batch import. Full composition inspected on a contact sheet; no final card crop approved. Preserve the actual depicted place; mythic uses are analogues. General environmental reference, not claimed Homeric topography.",RESEARCH,https://kliawota.design/mtgtools/odyssey/assets/landscapes/ART-762.acd3d2f5852f.jpg,1920,1428,2026-09-29
ART-763,landscape; import20260929; collectiontruetonature; envcave,Hunter in a Grotto in Cervara,Martinus Rørbye,1835,Historical landscape study,"Oil on paper, mounted on canvas.","Fondation Custodia, Collection Frits Lugt, Paris, inv. no. 2011-S.16",True to Nature catalogue 39,YELLOW — supplied image terms need verification,https://www.fondationcustodia.fr/39-Martinus-Rorbye-1476,"Art: Martinus Rørbye · Fondation Custodia, Collection Frits Lugt, Paris, inv. no. 2011-S.16",Landscape / environmental reference,,,"29 Sep 2026 batch import. Full composition inspected on a contact sheet; no final card crop approved. Preserve the actual depicted place; mythic uses are analogues. General environmental reference, not claimed Homeric topography.",RESEARCH,https://kliawota.design/mtgtools/odyssey/assets/landscapes/ART-763.33f0f20bdfd6.jpg,1920,1213,2026-09-29
ART-764,landscape; import20260929; collectiontruetonature; envcave,Interior of a Cave,Jean-Baptiste Adolphe Gibert,,Historical landscape study,Oil on paper.,"Fondation Custodia, Collection Frits Lugt, Paris, inv. no. 2019-S.7",True to Nature catalogue 40,YELLOW — supplied image terms need verification,https://www.fondationcustodia.fr/40-Jean-Baptiste-Adolphe-Gibert-1477,"Art: Jean-Baptiste Adolphe Gibert · Fondation Custodia, Collection Frits Lugt, Paris, inv. no. 2019-S.7",Landscape / environmental reference,,,"29 Sep 2026 batch import. Full composition inspected on a contact sheet; no final card crop approved. Preserve the actual depicted place; mythic uses are analogues. General environmental reference, not claimed Homeric topography.",RESEARCH,https://kliawota.design/mtgtools/odyssey/assets/landscapes/ART-764.08c20ba801d7.jpg,1920,1227,2026-09-29
ART-765,landscape; import20260929; collectiontruetonature; envcave; envrock,Grotto in a Rocky Landscape,Louise-Joséphine Sarazin de Belmont,,Historical landscape study,"Oil on paper, mounted on canvas.",Private collection,True to Nature catalogue 41,YELLOW — supplied image terms need verification,https://www.fondationcustodia.fr/41-Louise-Josephine-Sarazin-de-Belmont-1478,Art: Louise-Joséphine Sarazin de Belmont · Private collection,Landscape / environmental reference,,,"29 Sep 2026 batch import. Full composition inspected on a contact sheet; no final card crop approved. Preserve the actual depicted place; mythic uses are analogues. General environmental reference, not claimed Homeric topography.",RESEARCH,https://kliawota.design/mtgtools/odyssey/assets/landscapes/ART-765.aba6f6651300.jpg,1920,1391,2026-09-29
ART-766,landscape; import20260929; collectiontruetonature; envrock,Study of Rocks,Joseph-Désiré Court,,Historical landscape study,"Oil on paper, mounted on canvas.",Private collection,True to Nature catalogue 42,YELLOW — supplied image terms need verification,https://www.fondationcustodia.fr/42-Joseph-Desire-Court-1479,Art: Joseph-Désiré Court · Private collection,Landscape / environmental reference,,,"29 Sep 2026 batch import. Full composition inspected on a contact sheet; no final card crop approved. Preserve the actual depicted place; mythic uses are analogues. General environmental reference, not claimed Homeric topography.",RESEARCH,https://kliawota.design/mtgtools/odyssey/assets/landscapes/ART-766.87a81df26efe.jpg,1920,1248,2026-09-29
ART-767,landscape; import20260929; collectiontruetonature; envfreshwater,Boulders by a Lake,Alexandre Calame,1857-1861,Historical landscape study,"Oil on paper, mounted on canvas.",Private collection,True to Nature catalogue 43,YELLOW — supplied image terms need verification,https://www.fondationcustodia.fr/43-Alexandre-Calame-1480,Art: Alexandre Calame · Private collection,Landscape / environmental reference,,,"29 Sep 2026 batch import. Full composition inspected on a contact sheet; no final card crop approved. Preserve the actual depicted place; mythic uses are analogues. General environmental reference, not claimed Homeric topography.",RESEARCH,https://kliawota.design/mtgtools/odyssey/assets/landscapes/ART-767.d5b5ef69547e.jpg,1920,1327,2026-09-29
ART-768,landscape; import20260929; collectiontruetonature,"Landscape in the Haute-Savoie, with an Artist Working in the Open Air",Vilhelm Kyhn,1850,Historical landscape study,"Oil on paper, mounted on cardboard.",Private collection,True to Nature catalogue 44,YELLOW — supplied image terms need verification,https://www.fondationcustodia.fr/44-Vilhelm-Kyhn-1481,Art: Vilhelm Kyhn · Private collection,Landscape / environmental reference,,,"29 Sep 2026 batch import. Full composition inspected on a contact sheet; no final card crop approved. Preserve the actual depicted place; mythic uses are analogues. General environmental reference, not claimed Homeric topography.",RESEARCH,https://kliawota.design/mtgtools/odyssey/assets/landscapes/ART-768.8d09f81efb36.jpg,1533,1920,2026-09-29
ART-769,landscape; import20260929; collectiontruetonature; envfreshwater,"Waterfall in the River Traun, Upper Austria",Christian Ernst Bernhard Morgenstern,1826,Historical landscape study,Oil on paper.,"Fondation Custodia, Collection Frits Lugt, Paris, inv. no. 2019-S.16",True to Nature catalogue 45,YELLOW — supplied image terms need verification,https://www.fondationcustodia.fr/45-Christian-Ernst-Bernhard-Morgenstern-1482,"Art: Christian Ernst Bernhard Morgenstern · Fondation Custodia, Collection Frits Lugt, Paris, inv. no. 2019-S.16",Landscape / environmental reference,,,"29 Sep 2026 batch import. Full composition inspected on a contact sheet; no final card crop approved. Preserve the actual depicted place; mythic uses are analogues. General environmental reference, not claimed Homeric topography.",RESEARCH,https://kliawota.design/mtgtools/odyssey/assets/landscapes/ART-769.e385530544fa.jpg,1920,1458,2026-09-29
ART-770,landscape; import20260929; collectiontruetonature,The Falls at Tivoli,Abraham Teerlink,,Historical landscape study,Oil on canvas.,"Fondation Custodia, Collection Frits Lugt, Paris, inv. no. 2019-S.56",True to Nature catalogue 46,YELLOW — supplied image terms need verification,https://www.fondationcustodia.fr/46-Abraham-Teerlink-1483,"Art: Abraham Teerlink · Fondation Custodia, Collection Frits Lugt, Paris, inv. no. 2019-S.56",Landscape / environmental reference,,,"29 Sep 2026 batch import. Full composition inspected on a contact sheet; no final card crop approved. Preserve the actual depicted place; mythic uses are analogues. General environmental reference, not claimed Homeric topography.",RESEARCH,https://kliawota.design/mtgtools/odyssey/assets/landscapes/ART-770.9ef4c49a708e.jpg,1557,1920,2026-09-29
ART-771,landscape; import20260929; collectiontruetonature; envfreshwater,View of the Waterfalls at Tivoli,Jean-Joseph-Xavier Bidauld,1788,Historical landscape study,"Oil on paper, mounted on canvas.","National Gallery of Art, Washington, D.C., gift of Fern and George Wachter, inv. no. 2005.140.1",True to Nature catalogue 47,YELLOW — supplied image terms need verification,https://www.fondationcustodia.fr/47-Jean-Joseph-Xavier-Bidauld-1484,"Art: Jean-Joseph-Xavier Bidauld · National Gallery of Art, Washington, D.C., gift of Fern and George Wachter, inv. no. 2005.140.1",Landscape / environmental reference,,,"29 Sep 2026 batch import. Full composition inspected on a contact sheet; no final card crop approved. Preserve the actual depicted place; mythic uses are analogues. General environmental reference, not claimed Homeric topography.",RESEARCH,https://kliawota.design/mtgtools/odyssey/assets/landscapes/ART-771.a28d2bd91d72.jpg,1421,1920,2026-09-29
ART-772,landscape; import20260929; collectiontruetonature; envfreshwater,Sartre Waterfall near Apchon (Cantal),Auguste Bonheur,,Historical landscape study,Oil on canvas.,"Fondation Custodia, Collection Frits Lugt, Paris, inv. no. 2012-S.24(II)",True to Nature catalogue 48,YELLOW — supplied image terms need verification,https://www.fondationcustodia.fr/48-Auguste-Bonheur-1485,"Art: Auguste Bonheur · Fondation Custodia, Collection Frits Lugt, Paris, inv. no. 2012-S.24(II)",Landscape / environmental reference,,,"29 Sep 2026 batch import. Full composition inspected on a contact sheet; no final card crop approved. Preserve the actual depicted place; mythic uses are analogues. General environmental reference, not claimed Homeric topography.",RESEARCH,https://kliawota.design/mtgtools/odyssey/assets/landscapes/ART-772.e42ff4990b95.jpg,1459,1920,2026-09-29
ART-773,landscape; import20260929; collectiontruetonature,View of Corsica Seen from the Ship “Le Véloce”,Théodore Gudin,1839,Historical landscape study,"Oil on paper, mounted on wood panel.","Fondation Custodia, Collection Frits Lugt, Paris, inv. no. 2014-S.26",True to Nature catalogue 49,YELLOW — supplied image terms need verification,https://www.fondationcustodia.fr/49-Theodore-Gudin-1486,"Art: Théodore Gudin · Fondation Custodia, Collection Frits Lugt, Paris, inv. no. 2014-S.26",Landscape / environmental reference,,,"29 Sep 2026 batch import. Full composition inspected on a contact sheet; no final card crop approved. Preserve the actual depicted place; mythic uses are analogues. General environmental reference, not claimed Homeric topography.",RESEARCH,https://kliawota.design/mtgtools/odyssey/assets/landscapes/ART-773.0ccf850d6689.jpg,1920,1524,2026-09-29
ART-774,landscape; import20260929; collectiontruetonature; envsky; envcoast,Seascape during a Storm Seen from the Ship “Le Véloce”,Théodore Gudin,1839,Historical landscape study,"Oil on paper, mounted on wood panel.","Fondation Custodia, Collection Frits Lugt, Paris, inv. no. 2014-S.25",True to Nature catalogue 50,YELLOW — supplied image terms need verification,https://www.fondationcustodia.fr/50-Theodore-Gudin-1487,"Art: Théodore Gudin · Fondation Custodia, Collection Frits Lugt, Paris, inv. no. 2014-S.25",Landscape / environmental reference,,,"29 Sep 2026 batch import. Full composition inspected on a contact sheet; no final card crop approved. Preserve the actual depicted place; mythic uses are analogues. General environmental reference, not claimed Homeric topography.",RESEARCH,https://kliawota.design/mtgtools/odyssey/assets/landscapes/ART-774.b819bf6f87fa.jpg,1920,1498,2026-09-29
ART-775,landscape; import20260929; collectiontruetonature; envfreshwater,"Desenzano, Lake Garda",Richard Parkes Bonington,1826,Historical landscape study,Oil on millboard.,"The Fitzwilliam Museum, Cambridge, purchased with the assistance of the Fairhaven Fund with contributions from the Victoria and Albert Museum Grant-in-Aid, and the National Art-Collections Fund, inv. no. PD.2-1983",True to Nature catalogue 52,YELLOW — supplied image terms need verification,https://www.fondationcustodia.fr/52-Richard-Parkes-Bonington-1489,"Art: Richard Parkes Bonington · The Fitzwilliam Museum, Cambridge, purchased with the assistance of the Fairhaven Fund with contributions from the Victoria and Albert Museum Grant-in-Aid, and the National Art-Collections Fund, inv. no. PD.2-1983",Landscape / environmental reference,,,"29 Sep 2026 batch import. Full composition inspected on a contact sheet; no final card crop approved. Preserve the actual depicted place; mythic uses are analogues. General environmental reference, not claimed Homeric topography.",RESEARCH,https://kliawota.design/mtgtools/odyssey/assets/landscapes/ART-775.236642f0bc12.jpg,1920,1455,2026-09-29
ART-776,landscape; import20260929; collectiontruetonature,Landscape with Dunes near Arcachon,Henri de Toulouse-Lautrec,c. 1883-1885,Historical landscape study,Oil on panel.,"Fondation Custodia, Collection Frits Lugt, Paris, inv. no. 2020-S.24",True to Nature catalogue 53,YELLOW — supplied image terms need verification,https://www.fondationcustodia.fr/53-Henri-de-Toulouse-Lautrec-1490,"Art: Henri de Toulouse-Lautrec · Fondation Custodia, Collection Frits Lugt, Paris, inv. no. 2020-S.24",Landscape / environmental reference,,,"29 Sep 2026 batch import. Full composition inspected on a contact sheet; no final card crop approved. Preserve the actual depicted place; mythic uses are analogues. General environmental reference, not claimed Homeric topography.",RESEARCH,https://kliawota.design/mtgtools/odyssey/assets/landscapes/ART-776.b5f600680398.jpg,1920,1320,2026-09-29
ART-777,landscape; import20260929; collectiontruetonature,Sand Dunes at Skagen Beach,Johan Carl Neumann,,Historical landscape study,"Oil on paper, mounted on canvas.","Fondation Custodia, Collection Frits Lugt, Paris, inv. no. 2015-S.4",True to Nature catalogue 54,YELLOW — supplied image terms need verification,https://www.fondationcustodia.fr/54-Johan-Carl-Neumann-1491,"Art: Johan Carl Neumann · Fondation Custodia, Collection Frits Lugt, Paris, inv. no. 2015-S.4",Landscape / environmental reference,,,"29 Sep 2026 batch import. Full composition inspected on a contact sheet; no final card crop approved. Preserve the actual depicted place; mythic uses are analogues. General environmental reference, not claimed Homeric topography.",RESEARCH,https://kliawota.design/mtgtools/odyssey/assets/landscapes/ART-777.06e63111b357.jpg,1920,1247,2026-09-29
ART-778,landscape; import20260929; collectiontruetonature; envrock,Rocks at Cran Aux Œufs near Calais,Eugène Isabey,1832,Historical landscape study,"Oil on paper, mounted on canvas.","Fondation Custodia, Collection Frits Lugt, Paris, inv. no. 2015-S.15",True to Nature catalogue 56,YELLOW — supplied image terms need verification,https://www.fondationcustodia.fr/56-Eugene-Isabey-1493,"Art: Eugène Isabey · Fondation Custodia, Collection Frits Lugt, Paris, inv. no. 2015-S.15",Landscape / environmental reference,,,"29 Sep 2026 batch import. Full composition inspected on a contact sheet; no final card crop approved. Preserve the actual depicted place; mythic uses are analogues. General environmental reference, not claimed Homeric topography.",RESEARCH,https://kliawota.design/mtgtools/odyssey/assets/landscapes/ART-778.df0ea41fb4c7.jpg,1920,1438,2026-09-29
ART-779,landscape; import20260929; collectiontruetonature; envcoast,"View of the Baltic Coast , 1834(?)",Carl Blechen,,Historical landscape study,Oil on wood panel.,"Fondation Custodia, Collection Frits Lugt, Paris, inv. no. 2014-S.40",True to Nature catalogue 57,YELLOW — supplied image terms need verification,https://www.fondationcustodia.fr/57-Carl-Blechen-1494,"Art: Carl Blechen · Fondation Custodia, Collection Frits Lugt, Paris, inv. no. 2014-S.40",Landscape / environmental reference,,,"29 Sep 2026 batch import. Full composition inspected on a contact sheet; no final card crop approved. Preserve the actual depicted place; mythic uses are analogues. General environmental reference, not claimed Homeric topography.",RESEARCH,https://kliawota.design/mtgtools/odyssey/assets/landscapes/ART-779.82568b91a167.jpg,1920,802,2026-09-29
ART-780,landscape; import20260929; collectiontruetonature; envrock; envcoast,Rocky Coast with Bathers,Louise-Joséphine Sarazin de Belmont,1835,Historical landscape study,"Oil on paper, mounted on cardboard.","Fondation Custodia, Collection Frits Lugt, Paris, inv. no. 2015-S.6",True to Nature catalogue 58,YELLOW — supplied image terms need verification,https://www.fondationcustodia.fr/58-Louise-Josephine-Sarazin-de-Belmont-1495,"Art: Louise-Joséphine Sarazin de Belmont · Fondation Custodia, Collection Frits Lugt, Paris, inv. no. 2015-S.6",Landscape / environmental reference,,,"29 Sep 2026 batch import. Full composition inspected on a contact sheet; no final card crop approved. Preserve the actual depicted place; mythic uses are analogues. General environmental reference, not claimed Homeric topography.",RESEARCH,https://kliawota.design/mtgtools/odyssey/assets/landscapes/ART-780.675112884580.jpg,1920,1414,2026-09-29
ART-781,landscape; import20260929; collectiontruetonature; envwoodland; envcave; envrock,"The Weeping Rock, Franchard Gorge, Fontainebleau Forest","Anonymous French, 19 th century",,Historical landscape study,"Oil on paper, mounted on cardboard.",Private collection,True to Nature catalogue 59,YELLOW — supplied image terms need verification,https://www.fondationcustodia.fr/59-Anonymous-French-19th-century,"Art: Anonymous French, 19 th century · Private collection",Landscape / environmental reference,,,"29 Sep 2026 batch import. Full composition inspected on a contact sheet; no final card crop approved. Preserve the actual depicted place; mythic uses are analogues. General environmental reference, not claimed Homeric topography.",RESEARCH,https://kliawota.design/mtgtools/odyssey/assets/landscapes/ART-781.0207d1a72461.jpg,1920,875,2026-09-29
ART-782,landscape; import20260929; collectiontruetonature; envfreshwater,The Geltenschuss Waterfall in the Lauenen Valley,Caspar Wolf,c. 1778,Historical landscape study,"Oil on paper, mounted on canvas.","Fondation Custodia, Collection Frits Lugt, Paris, inv. no. 2019-S.63",True to Nature catalogue 60,YELLOW — supplied image terms need verification,https://www.fondationcustodia.fr/60-Caspar-Wolf-1497,"Art: Caspar Wolf · Fondation Custodia, Collection Frits Lugt, Paris, inv. no. 2019-S.63",Landscape / environmental reference,,,"29 Sep 2026 batch import. Full composition inspected on a contact sheet; no final card crop approved. Preserve the actual depicted place; mythic uses are analogues. General environmental reference, not claimed Homeric topography.",RESEARCH,https://kliawota.design/mtgtools/odyssey/assets/landscapes/ART-782.f190383a2dad.jpg,1920,1484,2026-09-29
ART-783,landscape; import20260929; collectiontruetonature; envfreshwater,View of Lake Nemi,Jules Coignet,1843,Historical landscape study,"Oil on paper, mounted on canvas.","National Gallery of Art, Washington, D.C., gift of Mrs. John Jay Ide in memory of Mr. and Mrs. William Henry Donner, inv. no. 1994.52.2",True to Nature catalogue 72,YELLOW — supplied image terms need verification,https://www.fondationcustodia.fr/72-Jules-Coignet-1510,"Art: Jules Coignet · National Gallery of Art, Washington, D.C., gift of Mrs. John Jay Ide in memory of Mr. and Mrs. William Henry Donner, inv. no. 1994.52.2",Landscape / environmental reference,,,"29 Sep 2026 batch import. Full composition inspected on a contact sheet; no final card crop approved. Preserve the actual depicted place; mythic uses are analogues. General environmental reference, not claimed Homeric topography.",RESEARCH,https://kliawota.design/mtgtools/odyssey/assets/landscapes/ART-783.65ae1dfeb685.jpg,1920,1429,2026-09-29
ART-784,landscape; import20260929; collectiontruetonature; envsky,Sunrise in an Italian Landscape,Jean-Joseph-Xavier Bidauld,1785-1791,Historical landscape study,"Oil on paper, mounted on cardboard.","Fondation Custodia, Collection Frits Lugt, Paris, gift of John Harvey Bergen and Alexandra van Nierop, Amsterdam, inv. no. 2016-S.31",True to Nature catalogue 73,YELLOW — supplied image terms need verification,https://www.fondationcustodia.fr/73-Jean-Joseph-Xavier-Bidauld-1511,"Art: Jean-Joseph-Xavier Bidauld · Fondation Custodia, Collection Frits Lugt, Paris, gift of John Harvey Bergen and Alexandra van Nierop, Amsterdam, inv. no. 2016-S.31",Landscape / environmental reference,,,"29 Sep 2026 batch import. Full composition inspected on a contact sheet; no final card crop approved. Preserve the actual depicted place; mythic uses are analogues. General environmental reference, not claimed Homeric topography.",RESEARCH,https://kliawota.design/mtgtools/odyssey/assets/landscapes/ART-784.0ea24a7cd701.jpg,1920,982,2026-09-29
ART-785,landscape; import20260929; collectiontruetonature,View of a Hilly Landscape near Ariccia,Jean-Achille Benouville,,Historical landscape study,"Oil on paper, laid down on canvas.","Fondation Custodia, Collection Frits Lugt, Paris, inv. 2017-S.2",True to Nature catalogue 74,YELLOW — supplied image terms need verification,https://www.fondationcustodia.fr/74-Jean-Achille-Benouville-1512,"Art: Jean-Achille Benouville · Fondation Custodia, Collection Frits Lugt, Paris, inv. 2017-S.2",Landscape / environmental reference,,,"29 Sep 2026 batch import. Full composition inspected on a contact sheet; no final card crop approved. Preserve the actual depicted place; mythic uses are analogues. General environmental reference, not claimed Homeric topography.",RESEARCH,https://kliawota.design/mtgtools/odyssey/assets/landscapes/ART-785.acf87fef7ecb.jpg,1920,770,2026-09-29
ART-786,landscape; import20260929; collectiontruetonature,View of Santa Scolastica in Subiaco,Achille-Etna Michallon,1818,Historical landscape study,"Oil on paper, mounted on canvas.","Fondation Custodia, Collection Frits Lugt, Paris, inv. no. 2011-S.18",True to Nature catalogue 75,YELLOW — supplied image terms need verification,https://www.fondationcustodia.fr/75-Achille-Etna-Michallon-1513,"Art: Achille-Etna Michallon · Fondation Custodia, Collection Frits Lugt, Paris, inv. no. 2011-S.18",Landscape / environmental reference,,,"29 Sep 2026 batch import. Full composition inspected on a contact sheet; no final card crop approved. Preserve the actual depicted place; mythic uses are analogues. General environmental reference, not claimed Homeric topography.",RESEARCH,https://kliawota.design/mtgtools/odyssey/assets/landscapes/ART-786.46c3969c4850.jpg,1258,1920,2026-09-29
ART-787,landscape; import20260929; collectiontruetonature,View of Olevano,Théodore Caruelle d’Aligny,1827,Historical landscape study,"Oil on paper, mounted on canvas.",Private collection,True to Nature catalogue 77,YELLOW — supplied image terms need verification,https://www.fondationcustodia.fr/77-Theodore-Caruelle-d-Aligny-1515,Art: Théodore Caruelle d’Aligny · Private collection,Landscape / environmental reference,,,"29 Sep 2026 batch import. Full composition inspected on a contact sheet; no final card crop approved. Preserve the actual depicted place; mythic uses are analogues. General environmental reference, not claimed Homeric topography.",RESEARCH,https://kliawota.design/mtgtools/odyssey/assets/landscapes/ART-787.d01cfea3dab4.jpg,1920,1286,2026-09-29
ART-788,landscape; import20260929; collectiontruetonature,"View of the Convent of Sant’Onofrio on the Janiculum, Rome",Camille Corot,1826,Historical landscape study,"Oil on paper, mounted on canvas.","The Fitzwilliam Museum, Cambridge, gift of Captain Stanley William Sykes, O.B.E., M.C., inv. no. PD.1-1960",True to Nature catalogue 78,YELLOW — supplied image terms need verification,https://www.fondationcustodia.fr/78-Camille-Corot-1516,"Art: Camille Corot · The Fitzwilliam Museum, Cambridge, gift of Captain Stanley William Sykes, O.B.E., M.C., inv. no. PD.1-1960",Landscape / environmental reference,,,"29 Sep 2026 batch import. Full composition inspected on a contact sheet; no final card crop approved. Preserve the actual depicted place; mythic uses are analogues. Later architecture/costume needs crop review. General environmental reference, not claimed Homeric topography.",RESEARCH,https://kliawota.design/mtgtools/odyssey/assets/landscapes/ART-788.5ad5c5e45b0e.jpg,1920,1297,2026-09-29
ART-789,landscape; import20260929; collectiontruetonature,"View of Hadrian’s Villa in Tivoli, the Tiber Valley and the Sabine Hills in the Distance",Johann Martin von Rohden,before 1810,Historical landscape study,"Oil on paper, mounted on canvas.","Fondation Custodia, Collection Frits Lugt, Paris, inv. no. 2019-S.23",True to Nature catalogue 79,YELLOW — supplied image terms need verification,https://www.fondationcustodia.fr/79-Johann-Martin-von-Rohden-1517,"Art: Johann Martin von Rohden · Fondation Custodia, Collection Frits Lugt, Paris, inv. no. 2019-S.23",Landscape / environmental reference,,,"29 Sep 2026 batch import. Full composition inspected on a contact sheet; no final card crop approved. Preserve the actual depicted place; mythic uses are analogues. General environmental reference, not claimed Homeric topography.",RESEARCH,https://kliawota.design/mtgtools/odyssey/assets/landscapes/ART-789.fc4e681e83ef.jpg,1920,1364,2026-09-29
ART-790,landscape; import20260929; collectiontruetonature,View of the Roman Campagna,Johan Thomas Lundbye,1845,Historical landscape study,"Oil on paper, mounted on wood panel.","Fondation Custodia, Collection Frits Lugt, Paris, bequest of Carlos van Hasselt and Andrzej Niewęgłowski, Paris, inv. no. 2010-S.16",True to Nature catalogue 80,YELLOW — supplied image terms need verification,https://www.fondationcustodia.fr/80-Johan-Thomas-Lundbye-1518,"Art: Johan Thomas Lundbye · Fondation Custodia, Collection Frits Lugt, Paris, bequest of Carlos van Hasselt and Andrzej Niewęgłowski, Paris, inv. no. 2010-S.16",Landscape / environmental reference,,,"29 Sep 2026 batch import. Full composition inspected on a contact sheet; no final card crop approved. Preserve the actual depicted place; mythic uses are analogues. General environmental reference, not claimed Homeric topography.",RESEARCH,https://kliawota.design/mtgtools/odyssey/assets/landscapes/ART-790.68c0803b4eb5.jpg,1920,1181,2026-09-29
ART-791,landscape; import20260929; collectiontruetonature; envrock,"Mountainous Landscape, Italy",Jean-Joseph-Xavier Bidauld,,Historical landscape study,"Oil on paper, mounted on cardboard.",Private collection,True to Nature catalogue 81,YELLOW — supplied image terms need verification,https://www.fondationcustodia.fr/81-Jean-Joseph-Xavier-Bidauld-1519,Art: Jean-Joseph-Xavier Bidauld · Private collection,Landscape / environmental reference,,,"29 Sep 2026 batch import. Full composition inspected on a contact sheet; no final card crop approved. Preserve the actual depicted place; mythic uses are analogues. General environmental reference, not claimed Homeric topography.",RESEARCH,https://kliawota.design/mtgtools/odyssey/assets/landscapes/ART-791.58a9f968f1ac.jpg,1920,1503,2026-09-29
ART-792,landscape; import20260929; collectiontruetonature,"The Ponte Nomentano, the Sabine Hills in the Distance","Franz Ludwig Catel, attributed to",1830,Historical landscape study,Oil on paper.,"Fondation Custodia, Collection Frits Lugt, Paris, inv. no. 2019-S.15",True to Nature catalogue 82,YELLOW — supplied image terms need verification,https://www.fondationcustodia.fr/82-Franz-Ludwig-Catel-attributed-to,"Art: Franz Ludwig Catel, attributed to · Fondation Custodia, Collection Frits Lugt, Paris, inv. no. 2019-S.15",Landscape / environmental reference,,,"29 Sep 2026 batch import. Full composition inspected on a contact sheet; no final card crop approved. Preserve the actual depicted place; mythic uses are analogues. General environmental reference, not claimed Homeric topography.",RESEARCH,https://kliawota.design/mtgtools/odyssey/assets/landscapes/ART-792.87e0b0ffb81e.jpg,1920,1196,2026-09-29
ART-793,landscape; import20260929; collectiontruetonature; Egypt; localeegypt; envfreshwater,Fontanile in the Roman Campagna,Michel Dumas,c. 1838-1840,Historical landscape study,"Oil on canvas, mounted on wood panel.",Private collection,True to Nature catalogue 83,YELLOW — supplied image terms need verification,https://www.fondationcustodia.fr/83-Michel-Dumas-1521,Art: Michel Dumas · Private collection,Landscape / environmental reference,,,29 Sep 2026 batch import. Full composition inspected on a contact sheet; no final card crop approved. Preserve the actual depicted place; mythic uses are analogues.,RESEARCH,https://kliawota.design/mtgtools/odyssey/assets/landscapes/ART-793.133f2a4a1d59.jpg,1920,714,2026-09-29
ART-794,landscape; import20260929; collectiontruetonature,"View of the Bridge and the Town of Cava, Kingdom of Naples",Jean-Joseph-Xavier Bidauld,,Historical landscape study,"Oil on paper, mounted on canvas.","The Fitzwilliam Museum, Cambridge, bought from the Gow Fund, inv. no. PD.32-2006",True to Nature catalogue 84,YELLOW — supplied image terms need verification,https://www.fondationcustodia.fr/84-Jean-Joseph-Xavier-Bidauld-1523,"Art: Jean-Joseph-Xavier Bidauld · The Fitzwilliam Museum, Cambridge, bought from the Gow Fund, inv. no. PD.32-2006",Landscape / environmental reference,,,"29 Sep 2026 batch import. Full composition inspected on a contact sheet; no final card crop approved. Preserve the actual depicted place; mythic uses are analogues. Later architecture/costume needs crop review. General environmental reference, not claimed Homeric topography.",RESEARCH,https://kliawota.design/mtgtools/odyssey/assets/landscapes/ART-794.5790c29b19d6.jpg,1920,1428,2026-09-29
ART-795,landscape; import20260929; collectiontruetonature; envrock,The Crater on the Summit of Mount Vesuvius,Thomas Jones,c. 1778,Historical landscape study,Oil on canvas.,"Fondation Custodia, Collection Frits Lugt, Paris, inv. no. 2019-S.61",True to Nature catalogue 85,YELLOW — supplied image terms need verification,https://www.fondationcustodia.fr/85-Thomas-Jones,"Art: Thomas Jones · Fondation Custodia, Collection Frits Lugt, Paris, inv. no. 2019-S.61",Landscape / environmental reference,,,"29 Sep 2026 batch import. Full composition inspected on a contact sheet; no final card crop approved. Preserve the actual depicted place; mythic uses are analogues. General environmental reference, not claimed Homeric topography.",RESEARCH,https://kliawota.design/mtgtools/odyssey/assets/landscapes/ART-795.7b826d3c7a02.jpg,1920,1522,2026-09-29
ART-796,landscape; import20260929; collectiontruetonature,Scene near Naples,Thomas Jones,1783,Historical landscape study,Oil on paper.,"The Fitzwilliam Museum, Cambridge, bought from the Paintings Duplicates Fund, inv. no. PD.21-1954",True to Nature catalogue 86,YELLOW — supplied image terms need verification,https://www.fondationcustodia.fr/86-Thomas-Jones-1525,"Art: Thomas Jones · The Fitzwilliam Museum, Cambridge, bought from the Paintings Duplicates Fund, inv. no. PD.21-1954",Landscape / environmental reference,,,"29 Sep 2026 batch import. Full composition inspected on a contact sheet; no final card crop approved. Preserve the actual depicted place; mythic uses are analogues. General environmental reference, not claimed Homeric topography.",RESEARCH,https://kliawota.design/mtgtools/odyssey/assets/landscapes/ART-796.e80795ca3cda.jpg,1920,1326,2026-09-29
ART-797,landscape; import20260929; collectiontruetonature,View near Naples,Simon Denis,c. 1806,Historical landscape study,"Oil on paper, mounted on canvas.","National Gallery of Art, Washington, D.C., Chester Dale Fund, inv. no. 1998.21.1",True to Nature catalogue 87,YELLOW — supplied image terms need verification,https://www.fondationcustodia.fr/87-Simon-Denis-1526,"Art: Simon Denis · National Gallery of Art, Washington, D.C., Chester Dale Fund, inv. no. 1998.21.1",Landscape / environmental reference,,,"29 Sep 2026 batch import. Full composition inspected on a contact sheet; no final card crop approved. Preserve the actual depicted place; mythic uses are analogues. General environmental reference, not claimed Homeric topography.",RESEARCH,https://kliawota.design/mtgtools/odyssey/assets/landscapes/ART-797.eb5467e32ca1.jpg,1920,1382,2026-09-29
ART-798,landscape; import20260929; collectiontruetonature; Siren-coast regional analogue; localesirencoast; envrock,Vesuvius seen from Posillipo,Christian Johannes Wilberg,,Historical landscape study,"Oil on canvas, laid down on cardboard.",Fondation Custodia exhibition; holding collection not stated,True to Nature catalogue 88,YELLOW — supplied image terms need verification,https://www.fondationcustodia.fr/88-Christian-Johannes-Wilberg-1527,Art: Christian Johannes Wilberg · Fondation Custodia exhibition; holding collection not stated,Landscape / environmental reference,,,29 Sep 2026 batch import. Full composition inspected on a contact sheet; no final card crop approved. Preserve the actual depicted place; mythic uses are analogues.,RESEARCH,https://kliawota.design/mtgtools/odyssey/assets/landscapes/ART-798.2482faef9d40.jpg,1920,1572,2026-09-29
ART-799,landscape; import20260929; collectiontruetonature; envrock,Eruption of Vesuvius,Giuseppe de Nittis,1872,Historical landscape study,Oil on wood panel.,"Fondation Custodia, Collection Frits Lugt, Paris, inv. no. 2015-S.2",True to Nature catalogue 89,YELLOW — supplied image terms need verification,https://www.fondationcustodia.fr/89-Giuseppe-de-Nittis-1528,"Art: Giuseppe de Nittis · Fondation Custodia, Collection Frits Lugt, Paris, inv. no. 2015-S.2",Landscape / environmental reference,,,"29 Sep 2026 batch import. Full composition inspected on a contact sheet; no final card crop approved. Preserve the actual depicted place; mythic uses are analogues. General environmental reference, not claimed Homeric topography.",RESEARCH,https://kliawota.design/mtgtools/odyssey/assets/landscapes/ART-799.a393205678c2.jpg,1208,1920,2026-09-29
ART-800,landscape; import20260929; collectiontruetonature; envrock; envcoast,The Neapolitan Coast with Vesuvius in Eruption,Johan Christian Clausen Dahl,1820,Historical landscape study,"Oil on paper, mounted on canvas.","The Fitzwilliam Museum, Cambridge, bought from The Gow Fund, inv. no. PD.43-1986",True to Nature catalogue 90,YELLOW — supplied image terms need verification,https://www.fondationcustodia.fr/90-Johan-Christian-Clausen-Dahl-1529,"Art: Johan Christian Clausen Dahl · The Fitzwilliam Museum, Cambridge, bought from The Gow Fund, inv. no. PD.43-1986",Landscape / environmental reference,,,"29 Sep 2026 batch import. Full composition inspected on a contact sheet; no final card crop approved. Preserve the actual depicted place; mythic uses are analogues. General environmental reference, not claimed Homeric topography.",RESEARCH,https://kliawota.design/mtgtools/odyssey/assets/landscapes/ART-800.396daa07323f.jpg,1920,1260,2026-09-29
ART-801,landscape; import20260929; collectiontruetonature; Aeolia analogue; localeaeolia,"Eruption of Stromboli, 30 August 1842",Jean-Charles Rémond,1842,Historical landscape study,"Oil on paper, mounted on canvas.",Private collection,True to Nature catalogue 91,YELLOW — supplied image terms need verification,https://www.fondationcustodia.fr/91-Jean-Charles-Remond-1530,Art: Jean-Charles Rémond · Private collection,Landscape / environmental reference,,,29 Sep 2026 batch import. Full composition inspected on a contact sheet; no final card crop approved. Preserve the actual depicted place; mythic uses are analogues.,RESEARCH,https://kliawota.design/mtgtools/odyssey/assets/landscapes/ART-801.84a3f91dba4b.jpg,1920,1346,2026-09-29
ART-802,landscape; import20260929; collectiontruetonature; envrock,Vesuvius in Eruption,Anicet Charles Gabriel Lemonnier,1779,Historical landscape study,Oil on paper.,"The Fitzwilliam Museum, Cambridge, bought from The Gow Fund, inv. no. PD.11-1997",True to Nature catalogue 92,YELLOW — supplied image terms need verification,https://www.fondationcustodia.fr/92-Anicet-Charles-Gabriel-Lemonnier-1531,"Art: Anicet Charles Gabriel Lemonnier · The Fitzwilliam Museum, Cambridge, bought from The Gow Fund, inv. no. PD.11-1997",Landscape / environmental reference,,,"29 Sep 2026 batch import. Full composition inspected on a contact sheet; no final card crop approved. Preserve the actual depicted place; mythic uses are analogues. General environmental reference, not claimed Homeric topography.",RESEARCH,https://kliawota.design/mtgtools/odyssey/assets/landscapes/ART-802.aef2a8ea1284.jpg,1920,1472,2026-09-29
ART-803,landscape; import20260929; collectiontruetonature; envrock,View of Naples with Vesuvius,Louis Léopold Robert,1821,Historical landscape study,"Oil on paper, mounted on canvas.","Fondation Custodia, Collection Frits Lugt, Paris, bequest of Carlos van Hasselt and Andrzej Niewęgłowski, Paris, inv. no. 2010-S.7",True to Nature catalogue 92,YELLOW — supplied image terms need verification,https://www.fondationcustodia.fr/92-Louis-Leopold-Robert-1532,"Art: Louis Léopold Robert · Fondation Custodia, Collection Frits Lugt, Paris, bequest of Carlos van Hasselt and Andrzej Niewęgłowski, Paris, inv. no. 2010-S.7",Landscape / environmental reference,,,"29 Sep 2026 batch import. Full composition inspected on a contact sheet; no final card crop approved. Preserve the actual depicted place; mythic uses are analogues. General environmental reference, not claimed Homeric topography.",RESEARCH,https://kliawota.design/mtgtools/odyssey/assets/landscapes/ART-803.27d1b04f7896.jpg,1920,1231,2026-09-29
ART-804,landscape; import20260929; collectiontruetonature,"Castel Sant’Elmo, from Capodimonte",Edgar Degas,c. 1856,Historical landscape study,"Oil on paper, mounted on canvas.","The Fitzwilliam Museum, Cambridge, purchased with the assistance of the Gow, Cunliffe and Perceval Funds, with contributions from the National Art-Collections Fund and the Museums and Galleries Commission/Victoria and Albert Purchase Grant Fund, inv. no. PD.18-2000",True to Nature catalogue 94,YELLOW — supplied image terms need verification,https://www.fondationcustodia.fr/94-Edgar-Degas-1533,"Art: Edgar Degas · The Fitzwilliam Museum, Cambridge, purchased with the assistance of the Gow, Cunliffe and Perceval Funds, with contributions from the National Art-Collections Fund and the Museums and Galleries Commission/Victoria and Albert Purchase Grant Fund, inv. no. PD.18-2000",Landscape / environmental reference,,,"29 Sep 2026 batch import. Full composition inspected on a contact sheet; no final card crop approved. Preserve the actual depicted place; mythic uses are analogues. General environmental reference, not claimed Homeric topography.",RESEARCH,https://kliawota.design/mtgtools/odyssey/assets/landscapes/ART-804.09b73ba040f0.jpg,1920,1403,2026-09-29
ART-805,landscape; import20260929; collectiontruetonature; envrock,View of Vesuvius Seen from the Ruins of Pompeii,André Giroux,c. 1827,Historical landscape study,"Oil on paper, mounted on canvas.","Fondation Custodia, Collection Frits Lugt, Paris, inv. no. 2015-S.1",True to Nature catalogue 94,YELLOW — supplied image terms need verification,https://www.fondationcustodia.fr/94-Andre-Giroux-1534,"Art: André Giroux · Fondation Custodia, Collection Frits Lugt, Paris, inv. no. 2015-S.1",Landscape / environmental reference,,,"29 Sep 2026 batch import. Full composition inspected on a contact sheet; no final card crop approved. Preserve the actual depicted place; mythic uses are analogues. Later architecture/costume needs crop review. General environmental reference, not claimed Homeric topography.",RESEARCH,https://kliawota.design/mtgtools/odyssey/assets/landscapes/ART-805.eb5c80ed114f.jpg,1920,1003,2026-09-29
ART-806,landscape; import20260929; collectiontruetonature; Siren-coast regional analogue; localesirencoast,"Study of a Pergola, Capri",Anton Sminck Pitloo,c. 1820,Historical landscape study,Oil on paper.,"Fondation Custodia, Collection Frits Lugt, Paris, inv. no. 2019-S.18",True to Nature catalogue 96,YELLOW — supplied image terms need verification,https://www.fondationcustodia.fr/96-Anton-Sminck-Pitloo,"Art: Anton Sminck Pitloo · Fondation Custodia, Collection Frits Lugt, Paris, inv. no. 2019-S.18",Landscape / environmental reference,,,29 Sep 2026 batch import. Full composition inspected on a contact sheet; no final card crop approved. Preserve the actual depicted place; mythic uses are analogues. Later architecture/costume needs crop review.,RESEARCH,https://kliawota.design/mtgtools/odyssey/assets/landscapes/ART-806.9526d38d6841.jpg,1920,1212,2026-09-29
ART-807,landscape; import20260929; collectiontruetonature; Siren-coast regional analogue; localesirencoast,"A Boy Sitting under a Pergola, Capri",Anton Sminck Pitloo,c. 1820,Historical landscape study,Oil on paper.,"Fondation Custodia, Collection Frits Lugt, Paris, inv. no. 2019-S.17",True to Nature catalogue 97,YELLOW — supplied image terms need verification,https://www.fondationcustodia.fr/97-Anton-Sminck-Pitloo-1537,"Art: Anton Sminck Pitloo · Fondation Custodia, Collection Frits Lugt, Paris, inv. no. 2019-S.17",Landscape / environmental reference,,,29 Sep 2026 batch import. Full composition inspected on a contact sheet; no final card crop approved. Preserve the actual depicted place; mythic uses are analogues. Later architecture/costume needs crop review.,RESEARCH,https://kliawota.design/mtgtools/odyssey/assets/landscapes/ART-807.30e55041e9c0.jpg,1920,1357,2026-09-29
ART-808,landscape; import20260929; collectiontruetonature; Siren-coast regional analogue; localesirencoast,View of the Faraglioni at Capri,August Kopisch,,Historical landscape study,Oil on wood panel.,"Fondation Custodia, Collection Frits Lugt, Paris, inv. no. 2019-S.25",True to Nature catalogue 98,YELLOW — supplied image terms need verification,https://www.fondationcustodia.fr/98-August-Kopisch,"Art: August Kopisch · Fondation Custodia, Collection Frits Lugt, Paris, inv. no. 2019-S.25",Landscape / environmental reference,,,29 Sep 2026 batch import. Full composition inspected on a contact sheet; no final card crop approved. Preserve the actual depicted place; mythic uses are analogues.,RESEARCH,https://kliawota.design/mtgtools/odyssey/assets/landscapes/ART-808.49cce7abe8d9.jpg,1920,1349,2026-09-29
ART-809,landscape; import20260929; collectiontruetonature; Siren-coast regional analogue; localesirencoast,Houses on the Isle of Capri,Anton Alexandre von Werner,1869,Historical landscape study,"Oil on paper, laid down on cardboard.","Fondation Custodia, Collection Frits Lugt, Paris, inv. no. 2015-S.9",True to Nature catalogue 100,YELLOW — supplied image terms need verification,https://www.fondationcustodia.fr/100-Anton-Alexandre-von-Werner-1540,"Art: Anton Alexandre von Werner · Fondation Custodia, Collection Frits Lugt, Paris, inv. no. 2015-S.9",Landscape / environmental reference,,,29 Sep 2026 batch import. Full composition inspected on a contact sheet; no final card crop approved. Preserve the actual depicted place; mythic uses are analogues. Later architecture/costume needs crop review.,RESEARCH,https://kliawota.design/mtgtools/odyssey/assets/landscapes/ART-809.79b657cb15fb.jpg,1920,922,2026-09-29
ART-810,landscape; import20260929; collectiontruetonature; Siren-coast regional analogue; localesirencoast,View of Capri,Vilhelm Kyhn,1851,Historical landscape study,"Oil on paper, mounted on canvas.",Private collection,True to Nature catalogue 101,YELLOW — supplied image terms need verification,https://www.fondationcustodia.fr/101-Vilhelm-Kyhn-1541,Art: Vilhelm Kyhn · Private collection,Landscape / environmental reference,,,29 Sep 2026 batch import. Full composition inspected on a contact sheet; no final card crop approved. Preserve the actual depicted place; mythic uses are analogues.,RESEARCH,https://kliawota.design/mtgtools/odyssey/assets/landscapes/ART-810.04691fac121f.jpg,1920,1500,2026-09-29
ART-811,landscape; import20260929; collectiontruetonature; Siren-coast regional analogue; localesirencoast,A Terrace on the Isle of Capri,"Anonymous French, 19 th century",,Historical landscape study,"Oil on paper, mounted on canvas.","Fondation Custodia, Collection Frits Lugt, Paris, inv. no. 2014-S.10",True to Nature catalogue 102,YELLOW — supplied image terms need verification,https://www.fondationcustodia.fr/102-Anonymous-French-19th-century,"Art: Anonymous French, 19 th century · Fondation Custodia, Collection Frits Lugt, Paris, inv. no. 2014-S.10",Landscape / environmental reference,,,29 Sep 2026 batch import. Full composition inspected on a contact sheet; no final card crop approved. Preserve the actual depicted place; mythic uses are analogues. Later architecture/costume needs crop review.,RESEARCH,https://kliawota.design/mtgtools/odyssey/assets/landscapes/ART-811.d85a80f530da.jpg,1832,1920,2026-09-29
ART-812,landscape; import20260929; collectiontruetonature; Siren-coast regional analogue; localesirencoast; envrock,View of Capri with Mount Solaro,Gustaf Wilhelm Palm,1841,Historical landscape study,"Oil on paper, mounted on cardboard.",Private collection,True to Nature catalogue 103,YELLOW — supplied image terms need verification,https://www.fondationcustodia.fr/103-Gustaf-Wilhelm-Palm-1543,Art: Gustaf Wilhelm Palm · Private collection,Landscape / environmental reference,,,29 Sep 2026 batch import. Full composition inspected on a contact sheet; no final card crop approved. Preserve the actual depicted place; mythic uses are analogues.,RESEARCH,https://kliawota.design/mtgtools/odyssey/assets/landscapes/ART-812.19881e8e27ee.jpg,1920,1408,2026-09-29
ART-813,landscape; import20260929; collectiontruetonature; envsky,Study of Clouds over the Roman Campagna,Pierre-Henri de Valenciennes,c. 1782-1785,Historical landscape study,"Oil on paper, mounted on cardboard.","National Gallery of Art, Washington, D.C., given in honour of Gaillard F. Ravenel II by his friends, inv. no. 1997.23.1",True to Nature catalogue 105,YELLOW — supplied image terms need verification,https://www.fondationcustodia.fr/105-Pierre-Henri-de-Valenciennes-1326,"Art: Pierre-Henri de Valenciennes · National Gallery of Art, Washington, D.C., given in honour of Gaillard F. Ravenel II by his friends, inv. no. 1997.23.1",Landscape / environmental reference,,,"29 Sep 2026 batch import. Full composition inspected on a contact sheet; no final card crop approved. Preserve the actual depicted place; mythic uses are analogues. General environmental reference, not claimed Homeric topography.",RESEARCH,https://kliawota.design/mtgtools/odyssey/assets/landscapes/ART-813.3608b0b9f018.jpg,1920,1120,2026-09-29
ART-814,landscape; import20260929; collectiontruetonature; envsky; envrock,Mountain Landscape at Sunset,Jean-Honoré Fragonard,c. 1765,Historical landscape study,Oil on paper.,"National Gallery of Art, Washington, D.C., Chester Dale Fund, inv. no. 1997.22.1",True to Nature catalogue 106,YELLOW — supplied image terms need verification,https://www.fondationcustodia.fr/106-Jean-Honore-Fragonard-1327,"Art: Jean-Honoré Fragonard · National Gallery of Art, Washington, D.C., Chester Dale Fund, inv. no. 1997.22.1",Landscape / environmental reference,,,"29 Sep 2026 batch import. Full composition inspected on a contact sheet; no final card crop approved. Preserve the actual depicted place; mythic uses are analogues. General environmental reference, not claimed Homeric topography.",RESEARCH,https://kliawota.design/mtgtools/odyssey/assets/landscapes/ART-814.152e55f52586.jpg,1920,1254,2026-09-29
ART-815,landscape; import20260929; collectiontruetonature; envsky,Clouds Passing through a Valley,"Anonymous French, 18 th century",c. 1770,Historical landscape study,Oil on paper.,"Fondation Custodia, Collection Frits Lugt, Paris, inv. no. 2014-S.7",True to Nature catalogue 107,YELLOW — supplied image terms need verification,https://www.fondationcustodia.fr/107-Anonymous-French-18th-century,"Art: Anonymous French, 18 th century · Fondation Custodia, Collection Frits Lugt, Paris, inv. no. 2014-S.7",Landscape / environmental reference,,,"29 Sep 2026 batch import. Full composition inspected on a contact sheet; no final card crop approved. Preserve the actual depicted place; mythic uses are analogues. General environmental reference, not claimed Homeric topography.",RESEARCH,https://kliawota.design/mtgtools/odyssey/assets/landscapes/ART-815.54250129fe75.jpg,1920,1218,2026-09-29
ART-816,landscape; import20260929; collectiontruetonature; envsky; envcoast,Dawn on the Pontine Shore,Johann Jakob Frey,,Historical landscape study,"Oil on paper, mounted on canvas.",Private collection,True to Nature catalogue 108,YELLOW — supplied image terms need verification,https://www.fondationcustodia.fr/108-Johann-Jakob-Frey,Art: Johann Jakob Frey · Private collection,Landscape / environmental reference,,,"29 Sep 2026 batch import. Full composition inspected on a contact sheet; no final card crop approved. Preserve the actual depicted place; mythic uses are analogues. General environmental reference, not claimed Homeric topography.",RESEARCH,https://kliawota.design/mtgtools/odyssey/assets/landscapes/ART-816.591cee18fe7a.jpg,1920,1220,2026-09-29
ART-817,landscape; import20260929; collectiontruetonature; Aeaea analogue; localeaeaea; envsky,Study of Sky and Clouds with Circeo and the Pontine Islands,Johann Jakob Frey,,Historical landscape study,"Oil on paper, mounted on canvas.",Private collection,True to Nature catalogue 109,YELLOW — supplied image terms need verification,https://www.fondationcustodia.fr/109-Johann-Jakob-Frey,Art: Johann Jakob Frey · Private collection,Landscape / environmental reference,,,29 Sep 2026 batch import. Full composition inspected on a contact sheet; no final card crop approved. Preserve the actual depicted place; mythic uses are analogues.,RESEARCH,https://kliawota.design/mtgtools/odyssey/assets/landscapes/ART-817.0c55fc859afb.jpg,1920,1249,2026-09-29
ART-818,landscape; import20260929; collectiontruetonature; envsky; envcoast,Thunderstorm on the Pontine Shore,Johann Jakob Frey,,Historical landscape study,"Oil on paper, mounted on canvas.",Private collection,True to Nature catalogue 110,YELLOW — supplied image terms need verification,https://www.fondationcustodia.fr/110-Johann-Jakob-Frey-1336,Art: Johann Jakob Frey · Private collection,Landscape / environmental reference,,,"29 Sep 2026 batch import. Full composition inspected on a contact sheet; no final card crop approved. Preserve the actual depicted place; mythic uses are analogues. General environmental reference, not claimed Homeric topography.",RESEARCH,https://kliawota.design/mtgtools/odyssey/assets/landscapes/ART-818.627a9e57a130.jpg,1920,1250,2026-09-29
ART-819,landscape; import20260929; collectiontruetonature; envsky,Effect of the Sun at Sunset,Johann Jakob Frey,,Historical landscape study,"Oil on paper, mounted on canvas.",Private collection,True to Nature catalogue 111,YELLOW — supplied image terms need verification,https://www.fondationcustodia.fr/111-Johann-Jakob-Frey-1338,Art: Johann Jakob Frey · Private collection,Landscape / environmental reference,,,"29 Sep 2026 batch import. Full composition inspected on a contact sheet; no final card crop approved. Preserve the actual depicted place; mythic uses are analogues. General environmental reference, not claimed Homeric topography.",RESEARCH,https://kliawota.design/mtgtools/odyssey/assets/landscapes/ART-819.7325efeef518.jpg,1920,1258,2026-09-29
ART-820,landscape; import20260929; collectiontruetonature; envsky,Cloud Study: Stormy Sunset,John Constable,1821-22,Historical landscape study,"Oil on paper, mounted on canvas.","National Gallery of Art, Washington, D.C., gift of Louise Mellon in honour of Mr. and Mrs. Paul Mellon, inv. no. 1998.20.1",True to Nature catalogue 112,YELLOW — supplied image terms need verification,https://www.fondationcustodia.fr/112-John-Constable,"Art: John Constable · National Gallery of Art, Washington, D.C., gift of Louise Mellon in honour of Mr. and Mrs. Paul Mellon, inv. no. 1998.20.1",Landscape / environmental reference,,,"29 Sep 2026 batch import. Full composition inspected on a contact sheet; no final card crop approved. Preserve the actual depicted place; mythic uses are analogues. General environmental reference, not claimed Homeric topography.",RESEARCH,https://kliawota.design/mtgtools/odyssey/assets/landscapes/ART-820.f45bc6735c84.jpg,1920,1360,2026-09-29
ART-821,landscape; import20260929; collectiontruetonature; envsky,"Sky Study with a Shaft of Sunlight , 1822(?)",John Constable,,Historical landscape study,Oil on paper.,"The Fitzwilliam Museum, Cambridge, bequeathed by John Eric Bullard, inv. no. PD.222-1961",True to Nature catalogue 113,YELLOW — supplied image terms need verification,https://www.fondationcustodia.fr/113-John-Constable-1332,"Art: John Constable · The Fitzwilliam Museum, Cambridge, bequeathed by John Eric Bullard, inv. no. PD.222-1961",Landscape / environmental reference,,,"29 Sep 2026 batch import. Full composition inspected on a contact sheet; no final card crop approved. Preserve the actual depicted place; mythic uses are analogues. General environmental reference, not claimed Homeric topography.",RESEARCH,https://kliawota.design/mtgtools/odyssey/assets/landscapes/ART-821.c6f10f7d2179.jpg,1920,1721,2026-09-29
ART-822,landscape; import20260929; collectiontruetonature; envsky,Sunrise in a Landscape,Anton Sminck Pitloo,c. 1811-1819,Historical landscape study,"Oil on paper, mounted on canvas.","Fondation Custodia, Collection Frits Lugt, Paris, gift of Gerhard and Dineke Greidanus, Amsterdam, inv. no. 2016-S.34",True to Nature catalogue 114,YELLOW — supplied image terms need verification,https://www.fondationcustodia.fr/114-Anton-Sminck-Pitloo,"Art: Anton Sminck Pitloo · Fondation Custodia, Collection Frits Lugt, Paris, gift of Gerhard and Dineke Greidanus, Amsterdam, inv. no. 2016-S.34",Landscape / environmental reference,,,"29 Sep 2026 batch import. Full composition inspected on a contact sheet; no final card crop approved. Preserve the actual depicted place; mythic uses are analogues. General environmental reference, not claimed Homeric topography.",RESEARCH,https://kliawota.design/mtgtools/odyssey/assets/landscapes/ART-822.8e25fb65938f.jpg,1920,1453,2026-09-29
ART-823,landscape; import20260929; collectiontruetonature; envsky,Sunset in a Landscape,Anton Sminck Pitloo,c. 1811-1819,Historical landscape study,"Oil on paper, mounted on canvas.","Fondation Custodia, Collection Frits Lugt, Paris, gift of Gerhard and Dineke Greidanus, Amsterdam, inv. no. 2016-S.35",True to Nature catalogue 115,YELLOW — supplied image terms need verification,https://www.fondationcustodia.fr/115-Anton-Sminck-Pitloo-1334,"Art: Anton Sminck Pitloo · Fondation Custodia, Collection Frits Lugt, Paris, gift of Gerhard and Dineke Greidanus, Amsterdam, inv. no. 2016-S.35",Landscape / environmental reference,,,"29 Sep 2026 batch import. Full composition inspected on a contact sheet; no final card crop approved. Preserve the actual depicted place; mythic uses are analogues. General environmental reference, not claimed Homeric topography.",RESEARCH,https://kliawota.design/mtgtools/odyssey/assets/landscapes/ART-823.ffb3460844d7.jpg,1920,1464,2026-09-29
ART-824,landscape; import20260929; collectiontruetonature,View of Tivoli at Night,Simon Denis,,Historical landscape study,Oil on paper.,Private collection,True to Nature catalogue 117,YELLOW — supplied image terms need verification,https://www.fondationcustodia.fr/117-Simon-Denis-1329,Art: Simon Denis · Private collection,Landscape / environmental reference,,,"29 Sep 2026 batch import. Full composition inspected on a contact sheet; no final card crop approved. Preserve the actual depicted place; mythic uses are analogues. General environmental reference, not claimed Homeric topography.",RESEARCH,https://kliawota.design/mtgtools/odyssey/assets/landscapes/ART-824.2eba54d2d273.jpg,1920,1251,2026-09-29
ART-825,landscape; import20260929; collectiontruetonature; envsky,Stormy Sky,Giuseppe de Nittis,c. 1867-1868,Historical landscape study,"Oil on canvas, laid down on cardboard.","Fondation Custodia, Collection Frits Lugt, Paris, inv. no. 2019-S.60",True to Nature catalogue 118,YELLOW — supplied image terms need verification,https://www.fondationcustodia.fr/118-Giuseppe-de-Nittis-1406,"Art: Giuseppe de Nittis · Fondation Custodia, Collection Frits Lugt, Paris, inv. no. 2019-S.60",Landscape / environmental reference,,,"29 Sep 2026 batch import. Full composition inspected on a contact sheet; no final card crop approved. Preserve the actual depicted place; mythic uses are analogues. General environmental reference, not claimed Homeric topography.",RESEARCH,https://kliawota.design/mtgtools/odyssey/assets/landscapes/ART-825.7895f2ff2e55.jpg,1920,934,2026-09-29
ART-826,landscape; import20260929; collectiontruetonature; envsky,Study of a Sky with Clouds,"Anonymous French, 19 th century",c. 1840,Historical landscape study,"Oil on paper, laid down on canvas.","Fondation Custodia, Collection Frits Lugt, Paris, inv. no. 2018-S.2",True to Nature catalogue 119,YELLOW — supplied image terms need verification,https://www.fondationcustodia.fr/119-Anonymous-French-19th-century,"Art: Anonymous French, 19 th century · Fondation Custodia, Collection Frits Lugt, Paris, inv. no. 2018-S.2",Landscape / environmental reference,,,"29 Sep 2026 batch import. Full composition inspected on a contact sheet; no final card crop approved. Preserve the actual depicted place; mythic uses are analogues. General environmental reference, not claimed Homeric topography.",RESEARCH,https://kliawota.design/mtgtools/odyssey/assets/landscapes/ART-826.c09b0d7796e6.jpg,1920,1480,2026-09-29
ART-827,landscape; import20260929; collectiontruetonature; envsky,Clouds Scudding across the Skyline,Carl Frederik Aagaard,c. 1855-1860,Historical landscape study,"Oil on paper, laid down on cardboard.","Fondation Custodia, Collection Frits Lugt, Paris, inv. no. 2019-S.34",True to Nature catalogue 120,YELLOW — supplied image terms need verification,https://www.fondationcustodia.fr/120-Carl-Frederik-Aagaard-1410,"Art: Carl Frederik Aagaard · Fondation Custodia, Collection Frits Lugt, Paris, inv. no. 2019-S.34",Landscape / environmental reference,,,"29 Sep 2026 batch import. Full composition inspected on a contact sheet; no final card crop approved. Preserve the actual depicted place; mythic uses are analogues. General environmental reference, not claimed Homeric topography.",RESEARCH,https://kliawota.design/mtgtools/odyssey/assets/landscapes/ART-827.18177216f5cb.jpg,1920,1266,2026-09-29
ART-828,landscape; import20260929; collectiontruetonature; envsky,Study of Clouds,"Anonymous, possibly Simon Denis",,Historical landscape study,Oil on panel.,"Fondation Custodia, Collection Frits Lugt, Paris, inv. no. 2011-S.11",True to Nature catalogue 121,YELLOW — supplied image terms need verification,https://www.fondationcustodia.fr/121-Anonymous-possibly-Simon-Denis,"Art: Anonymous, possibly Simon Denis · Fondation Custodia, Collection Frits Lugt, Paris, inv. no. 2011-S.11",Landscape / environmental reference,,,"29 Sep 2026 batch import. Full composition inspected on a contact sheet; no final card crop approved. Preserve the actual depicted place; mythic uses are analogues. General environmental reference, not claimed Homeric topography.",RESEARCH,https://kliawota.design/mtgtools/odyssey/assets/landscapes/ART-828.60cafb82caff.jpg,1920,1447,2026-09-29
ART-829,landscape; import20260929; collectiontruetonature; envrock,"Misty Mountain Landscape (or View of Monticelli, near Tivoli)",Jean-Charles Rémond,1829,Historical landscape study,"Oil on paper, mounted on canvas.",Private collection,True to Nature catalogue 122,YELLOW — supplied image terms need verification,https://www.fondationcustodia.fr/122-Jean-Charles-Remond-1340,Art: Jean-Charles Rémond · Private collection,Landscape / environmental reference,,,"29 Sep 2026 batch import. Full composition inspected on a contact sheet; no final card crop approved. Preserve the actual depicted place; mythic uses are analogues. General environmental reference, not claimed Homeric topography.",RESEARCH,https://kliawota.design/mtgtools/odyssey/assets/landscapes/ART-829.e8961766dde4.jpg,1920,1307,2026-09-29
ART-830,landscape; import20260929; collectiontruetonature; envsky,"Skyrim (Kongsberg, Norway)",Anton Melbye,1846,Historical landscape study,"Oil on paper, mounted on cardboard.",Private collection,True to Nature catalogue 123,YELLOW — supplied image terms need verification,https://www.fondationcustodia.fr/123-Anton-Melbye-1341,Art: Anton Melbye · Private collection,Landscape / environmental reference,,,"29 Sep 2026 batch import. Full composition inspected on a contact sheet; no final card crop approved. Preserve the actual depicted place; mythic uses are analogues. General environmental reference, not claimed Homeric topography.",RESEARCH,https://kliawota.design/mtgtools/odyssey/assets/landscapes/ART-830.0591184e9242.jpg,1920,720,2026-09-29
ART-831,landscape; import20260929; collectiontruetonature; envsky,Storm at Handeck,Alexandre Calame,1838,Historical landscape study,Oil on canvas.,"The Fitzwilliam Museum, Cambridge, bought from the Pollock Fund, inv. no. PD.38-2004",True to Nature catalogue 124,YELLOW — supplied image terms need verification,https://www.fondationcustodia.fr/124-Alexandre-Calame-1342,"Art: Alexandre Calame · The Fitzwilliam Museum, Cambridge, bought from the Pollock Fund, inv. no. PD.38-2004",Landscape / environmental reference,,,"29 Sep 2026 batch import. Full composition inspected on a contact sheet; no final card crop approved. Preserve the actual depicted place; mythic uses are analogues. General environmental reference, not claimed Homeric topography.",RESEARCH,https://kliawota.design/mtgtools/odyssey/assets/landscapes/ART-831.83a613131146.jpg,1920,1395,2026-09-29
ART-832,landscape; import20260929; collectiontruetonature,Misty Landscape,Rosa Bonheur,,Historical landscape study,"Oil on paper, mounted on cardboard.",Private collection,True to Nature catalogue 125,YELLOW — supplied image terms need verification,https://www.fondationcustodia.fr/125-Rosa-Bonheur-1343,Art: Rosa Bonheur · Private collection,Landscape / environmental reference,,,"29 Sep 2026 batch import. Full composition inspected on a contact sheet; no final card crop approved. Preserve the actual depicted place; mythic uses are analogues. General environmental reference, not claimed Homeric topography.",RESEARCH,https://kliawota.design/mtgtools/odyssey/assets/landscapes/ART-832.824bda738e85.jpg,1920,924,2026-09-29
ART-833,landscape; import20260929; collectiontruetonature; envsky; envrock,"Landscape with Clouds in the Mountains, Italy",Alexandre-Hyacinthe Dunouy,c. 1780,Historical landscape study,Oil on paper mounted on panel.,"Fondation Custodia, Collection Frits Lugt, Paris, inv. no. 2020-S.3",True to Nature catalogue 126,YELLOW — supplied image terms need verification,https://www.fondationcustodia.fr/126-Alexandre-Hyacinthe-Dunouy-1407,"Art: Alexandre-Hyacinthe Dunouy · Fondation Custodia, Collection Frits Lugt, Paris, inv. no. 2020-S.3",Landscape / environmental reference,,,"29 Sep 2026 batch import. Full composition inspected on a contact sheet; no final card crop approved. Preserve the actual depicted place; mythic uses are analogues. General environmental reference, not claimed Homeric topography.",RESEARCH,https://kliawota.design/mtgtools/odyssey/assets/landscapes/ART-833.86d691a03e37.jpg,1920,1261,2026-09-29
ART-834,landscape; import20260929; collectiontruetonature; envsky,Storm-Ridden Landscape,Robert Zünd,1854,Historical landscape study,Oil on canvas.,"Fondation Custodia, Collection Frits Lugt, Paris, inv. no. 2020-S.26",True to Nature catalogue 127,YELLOW — supplied image terms need verification,https://www.fondationcustodia.fr/127-Robert-Zund-1408,"Art: Robert Zünd · Fondation Custodia, Collection Frits Lugt, Paris, inv. no. 2020-S.26",Landscape / environmental reference,,,"29 Sep 2026 batch import. Full composition inspected on a contact sheet; no final card crop approved. Preserve the actual depicted place; mythic uses are analogues. General environmental reference, not claimed Homeric topography.",RESEARCH,https://kliawota.design/mtgtools/odyssey/assets/landscapes/ART-834.bfdbccc5dcda.jpg,1263,1920,2026-09-29
ART-835,landscape; import20260929; collectionkellogg; Egypt; localeegypt; envfreshwater,Nile,Miner Kilbourne Kellogg,,Historical landscape study,Pencil on paper,Smithsonian American Art Museum,1991.56.209,GREEN — Smithsonian marks image free to use,https://americanart.si.edu/artwork/nile-37228,Art: Miner Kilbourne Kellogg · Smithsonian American Art Museum,Landscape / environmental reference,,,29 Sep 2026 batch import. Full composition inspected on a contact sheet; no final card crop approved. Preserve the actual depicted place; mythic uses are analogues. Sub-1000px preview; seek a higher-resolution scan before printing.,RESEARCH,https://kliawota.design/mtgtools/odyssey/assets/landscapes/ART-835.2c198e769fbc.jpg,960,629,2026-09-29
ART-836,landscape; import20260929; collectionkellogg; Egypt; localeegypt; envfreshwater,"Nile (3rd and 4th view, Gebel el Fedah)",Miner Kilbourne Kellogg,,Historical landscape study,Pencil on paper,Smithsonian American Art Museum,1991.56.214,GREEN — Smithsonian marks image free to use,https://americanart.si.edu/artwork/nile-3rd-and-4th-view-gebel-el-fedah-37233,Art: Miner Kilbourne Kellogg · Smithsonian American Art Museum,Landscape / environmental reference,,,29 Sep 2026 batch import. Full composition inspected on a contact sheet; no final card crop approved. Preserve the actual depicted place; mythic uses are analogues. Sub-1000px preview; seek a higher-resolution scan before printing.,RESEARCH,https://kliawota.design/mtgtools/odyssey/assets/landscapes/ART-836.c48dbcf96702.jpg,635,959,2026-09-29
